deal_id,account_id,owner_user_id,pipeline_id,current_stage_id,status,created_at,closed_at,last_stage_changed_at,amount,currency,country_code,source_system,days_cycle_days,days_last_seen
deal_1,account_15,user_13,pipeline_5,stage_4,open,2026-01-01,NULL,"2026-02-04 13:39:00.000",17491.37,DKK,UK,manual_import,NULL,NULL
deal_2,account_58,user_302,pipeline_5,stage_6,won,2026-01-01,2026-02-27,"2026-01-19 08:06:00.000",4865.75,EUR,NO,integration,57,141
deal_3,account_104,user_23,pipeline_8,stage_5,open,2026-01-01,NULL,"2026-01-19 23:19:00.000",60954.26,EUR,SE,crm_backend,NULL,NULL
deal_4,account_107,user_187,pipeline_3,stage_3,open,2026-01-01,NULL,"2026-02-13 15:32:00.000",34256.82,GBP,UK,manual_import,NULL,NULL
deal_5,account_108,user_394,pipeline_1,stage_6,won,2026-01-01,2026-02-24,"2026-01-06 11:54:00.000",5531.79,EUR,UK,integration,54,144
deal_6,account_59,user_74,pipeline_5,stage_3,open,2026-01-01,NULL,"2026-02-07 17:40:00.000",13773.87,EUR,NO,crm_backend,NULL,NULL
deal_7,account_102,user_349,pipeline_7,stage_3,open,2026-01-02,NULL,"2026-01-18 18:31:00.000",44010.93,EUR,UK,integration,NULL,NULL
deal_8,account_59,user_2,pipeline_5,stage_6,won,2026-01-02,2026-01-18,"2026-01-09 16:32:00.000",4834.07,NOK,NL,crm_backend,16,180
deal_9,account_119,user_186,pipeline_5,stage_5,open,2026-01-03,NULL,"2026-01-08 20:22:00.000",12792.28,DKK,NL,crm_backend,NULL,NULL
deal_10,account_28,user_277,pipeline_4,stage_3,open,2026-01-04,NULL,"2026-02-06 21:01:00.000",10441.01,EUR,NO,manual_import,NULL,NULL
deal_11,account_116,user_17,pipeline_6,stage_1,open,2026-01-04,NULL,"2026-02-07 11:27:00.000",11680.23,EUR,DE,crm_backend,NULL,NULL
deal_12,account_46,user_217,pipeline_7,stage_6,won,2026-01-04,2026-03-31,"2026-01-12 15:58:00.000",7831.46,EUR,SE,manual_import,86,108
deal_13,account_36,user_237,pipeline_4,stage_5,open,2026-01-04,NULL,"2026-01-07 18:30:00.000",13032.33,EUR,DE,integration,NULL,NULL
deal_14,account_22,user_195,pipeline_1,stage_4,open,2026-01-05,NULL,"2026-02-02 00:08:00.000",10942.46,EUR,UK,manual_import,NULL,NULL
deal_15,account_75,user_245,pipeline_3,stage_2,lost,2026-01-06,2026-03-26,"2026-02-06 08:58:00.000",7845.31,DKK,NO,manual_import,79,114
deal_16,account_67,user_162,pipeline_5,stage_2,open,2026-01-07,NULL,"2026-01-15 16:36:00.000",NULL,DKK,NL,crm_backend,NULL,NULL
deal_17,account_34,user_68,pipeline_6,stage_6,won,2026-01-07,2026-01-30,"2026-01-25 09:10:00.000",11442.48,DKK,NO,manual_import,23,169
deal_18,account_85,user_54,pipeline_3,stage_1,open,2026-01-07,NULL,"2026-01-24 17:18:00.000",10257.96,EUR,DE,integration,NULL,NULL
deal_19,account_12,user_325,pipeline_7,stage_2,open,2026-01-07,NULL,"2026-01-23 15:28:00.000",NULL,EUR,UK,crm_backend,NULL,NULL
deal_20,account_75,user_283,pipeline_3,stage_2,open,2026-01-07,NULL,"2026-01-09 21:26:00.000",9700.17,EUR,NL,manual_import,NULL,NULL
deal_21,account_103,user_91,pipeline_7,stage_5,open,2026-01-08,NULL,"2026-02-03 12:39:00.000",6201.67,SEK,SE,crm_backend,NULL,NULL
deal_22,account_40,user_117,pipeline_4,stage_2,open,2026-01-08,NULL,"2026-01-12 13:09:00.000",7213.75,EUR,NO,crm_backend,NULL,NULL
deal_23,account_34,user_20,pipeline_2,stage_4,open,2026-01-09,NULL,"2026-02-10 17:22:00.000",7622.35,EUR,FR,manual_import,NULL,NULL
deal_24,account_95,user_344,pipeline_4,stage_5,open,2026-01-09,NULL,"2026-02-17 19:33:00.000",41103.72,EUR,UK,integration,NULL,NULL
deal_25,account_86,user_195,pipeline_3,NULL,open,2026-01-09,NULL,"2026-01-27 21:17:00.000",8158.66,EUR,SE,manual_import,NULL,NULL
deal_26,account_102,user_377,pipeline_3,stage_3,open,2026-01-09,NULL,"2026-01-14 13:26:00.000",137698.32,SEK,NO,integration,NULL,NULL
deal_27,account_25,user_368,pipeline_7,stage_1,open,2026-01-09,NULL,"2026-01-15 23:41:00.000",5626.09,DKK,FR,crm_backend,NULL,NULL
deal_28,account_68,user_287,pipeline_6,stage_3,open,2026-01-10,NULL,"2026-02-14 23:09:00.000",13766.5,EUR,UK,integration,NULL,NULL
deal_29,account_81,user_123,pipeline_5,stage_1,open,2026-01-10,NULL,"2026-01-31 00:43:00.000",9749.09,EUR,DK,manual_import,NULL,NULL
deal_30,account_107,user_216,pipeline_7,stage_2,lost,2026-01-10,2026-03-28,"2026-03-13 17:58:00.000",3070.75,SEK,FR,integration,76,112
deal_31,account_103,user_309,pipeline_4,stage_2,open,2026-01-10,NULL,"2026-01-31 23:13:00.000",11690.18,EUR,DE,manual_import,NULL,NULL
deal_32,account_83,user_220,pipeline_3,stage_1,open,2026-01-10,NULL,"2026-02-08 21:26:00.000",7050.01,EUR,FR,crm_backend,NULL,NULL
deal_33,account_7,user_180,pipeline_4,stage_6,won,2026-01-10,2026-04-19,"2026-02-11 09:10:00.000",10142.73,DKK,NL,crm_backend,99,90
deal_34,account_22,user_311,pipeline_2,stage_2,lost,2026-01-11,2026-02-22,"2026-02-05 10:47:00.000",7759.85,DKK,UK,crm_backend,42,145
deal_35,account_109,user_351,pipeline_2,stage_6,won,2026-01-11,2026-03-09,"2026-01-16 17:39:00.000",9071.53,SEK,NO,integration,57,130
deal_36,account_107,user_236,pipeline_3,stage_2,open,2026-01-11,NULL,"2026-02-20 00:36:00.000",12295.7,EUR,SE,crm_backend,NULL,NULL
deal_37,account_73,user_313,pipeline_7,stage_5,open,2026-01-12,NULL,"2026-01-25 19:47:00.000",12573.99,EUR,NO,manual_import,NULL,NULL
deal_38,account_93,user_209,pipeline_8,stage_6,won,2026-01-12,2026-04-08,"2026-03-11 17:28:00.000",25706.1,EUR,NL,integration,85,101
deal_39,account_55,user_382,pipeline_6,stage_6,won,2026-01-12,2026-02-16,"2026-01-20 14:00:00.000",11655.41,GBP,UK,crm_backend,35,151
deal_40,account_36,user_371,pipeline_5,stage_6,won,2026-01-12,2026-03-02,"2026-02-01 09:42:00.000",3169.78,GBP,NL,integration,49,138
deal_41,account_14,user_7,pipeline_5,stage_2,open,2026-01-13,NULL,"2026-01-30 00:09:00.000",11924.73,EUR,FR,manual_import,NULL,NULL
deal_42,account_32,user_61,pipeline_7,stage_6,won,2026-01-13,2026-05-12,"2026-02-21 11:51:00.000",13322,DKK,NL,manual_import,119,66
deal_43,account_81,user_109,pipeline_5,stage_1,open,2026-01-13,NULL,"2026-01-13 16:21:00.000",8406.04,NOK,UK,integration,NULL,NULL
deal_44,account_34,user_321,pipeline_4,stage_1,open,2026-01-13,NULL,"2026-01-30 17:40:00.000",8751.46,EUR,NO,integration,NULL,NULL
deal_45,account_65,user_277,pipeline_8,stage_1,open,2026-01-14,NULL,"2026-02-03 19:44:00.000",10546.03,EUR,FR,manual_import,NULL,NULL
deal_46,account_98,user_388,pipeline_3,stage_2,open,2026-01-14,NULL,"2026-02-20 23:27:00.000",10617.42,EUR,UK,crm_backend,NULL,NULL
deal_47,account_89,user_254,pipeline_5,stage_6,won,2026-01-14,2026-03-16,"2026-02-04 14:50:00.000",20687,SEK,NO,manual_import,61,124
deal_48,account_25,user_266,pipeline_6,stage_4,open,2026-01-15,NULL,"2026-02-19 18:44:00.000",14132.07,GBP,NL,crm_backend,NULL,NULL
deal_49,account_71,user_209,pipeline_2,stage_6,lost,2026-01-16,2026-02-03,"2026-02-01 11:50:00.000",14191.84,EUR,DE,integration,18,165
deal_50,account_25,user_307,pipeline_3,stage_4,open,2026-01-17,NULL,"2026-02-18 13:44:00.000",12846.59,GBP,DE,crm_backend,NULL,NULL
deal_51,account_43,user_283,pipeline_7,stage_5,lost,2026-01-17,2026-02-20,"2026-02-11 15:46:00.000",50620.43,NOK,FR,integration,33,148
deal_52,account_106,user_334,pipeline_3,stage_2,lost,2026-01-17,2026-03-03,"2026-02-15 16:27:00.000",24007.47,SEK,SE,crm_backend,45,136
deal_53,account_44,user_320,pipeline_7,stage_6,won,2026-01-17,2026-05-09,"2026-03-07 09:22:00.000",14449.68,EUR,NL,crm_backend,112,69
deal_54,account_118,user_148,pipeline_4,stage_1,open,2026-01-18,NULL,"2026-01-24 17:06:00.000",NULL,EUR,DE,crm_backend,NULL,NULL
deal_55,account_88,user_93,pipeline_3,stage_5,open,2026-01-18,NULL,"2026-02-02 19:28:00.000",37018.08,EUR,FR,integration,NULL,NULL
deal_56,account_21,user_38,pipeline_8,stage_3,lost,2026-01-18,2026-04-19,"2026-03-18 13:53:00.000",32356.15,EUR,NL,integration,91,89
deal_57,account_38,user_12,pipeline_7,stage_5,open,2026-01-18,NULL,"2026-01-21 21:09:00.000",12994.07,NOK,SE,manual_import,NULL,NULL
deal_58,account_97,user_370,pipeline_3,stage_4,lost,2026-01-18,2026-03-18,"2026-02-25 09:39:00.000",27846.35,EUR,SE,crm_backend,59,122
deal_59,account_47,user_272,pipeline_5,stage_4,open,2026-01-18,NULL,"2026-02-05 16:34:00.000",12650.79,EUR,UK,manual_import,NULL,NULL
deal_60,account_47,user_47,pipeline_7,stage_1,open,2026-01-19,NULL,"2026-03-03 12:42:00.000",10014.72,EUR,NO,manual_import,NULL,NULL
deal_61,account_118,user_313,pipeline_4,stage_2,open,2026-01-19,NULL,"2026-03-01 16:02:00.000",7009.51,EUR,NL,crm_backend,NULL,NULL
deal_62,account_96,user_357,pipeline_7,stage_4,lost,2026-01-19,2026-04-10,"2026-02-24 10:38:00.000",3392.6,GBP,FR,integration,81,98
deal_63,account_70,user_331,pipeline_6,stage_1,open,2026-01-19,NULL,"2026-02-17 10:35:00.000",NULL,NOK,SE,crm_backend,NULL,NULL
deal_64,account_107,user_392,pipeline_4,stage_5,open,2026-01-19,NULL,"2026-01-28 18:02:00.000",6327.3,NOK,NO,manual_import,NULL,NULL
deal_65,account_102,user_122,pipeline_6,stage_1,open,2026-01-20,NULL,"2026-02-22 10:12:00.000",11947.98,EUR,NL,crm_backend,NULL,NULL
deal_66,account_101,user_338,pipeline_5,stage_1,open,2026-01-20,NULL,"2026-02-14 23:05:00.000",11233.17,EUR,NL,crm_backend,NULL,NULL
deal_67,account_82,user_300,pipeline_6,stage_3,lost,2026-01-20,2026-04-10,"2026-02-02 14:30:00.000",39263.59,DKK,FR,crm_backend,80,98
deal_68,account_44,user_233,pipeline_7,stage_6,won,2026-01-21,2026-03-05,"2026-02-14 15:05:00.000",14443.11,EUR,NO,crm_backend,43,134
deal_69,account_48,user_67,pipeline_1,stage_4,lost,2026-01-21,2026-03-18,"2026-03-05 18:00:00.000",14293.56,EUR,DK,manual_import,55,122
deal_70,account_65,user_109,pipeline_3,stage_1,open,2026-01-21,NULL,"2026-02-13 18:10:00.000",12151.27,GBP,FR,manual_import,NULL,NULL
deal_71,account_4,user_312,pipeline_5,stage_3,open,2026-01-21,NULL,"2026-02-11 14:28:00.000",3073.27,EUR,UK,crm_backend,NULL,NULL
deal_72,account_54,user_233,pipeline_6,stage_3,open,2026-01-22,NULL,"2026-02-27 12:07:00.000",249040.53,EUR,NL,integration,NULL,NULL
deal_73,account_66,user_59,pipeline_6,stage_3,open,2026-01-22,NULL,"2026-02-24 20:35:00.000",NULL,EUR,SE,crm_backend,NULL,NULL
deal_74,account_16,user_4,pipeline_8,stage_2,open,2026-01-22,NULL,"2026-02-24 00:52:00.000",13000.25,EUR,NO,integration,NULL,NULL
deal_75,account_74,user_220,pipeline_7,stage_2,open,2026-01-22,NULL,"2026-02-01 22:58:00.000",12984.31,EUR,NL,integration,NULL,NULL
deal_76,account_96,user_174,pipeline_4,stage_6,won,2026-01-23,2026-04-17,"2026-04-01 13:41:00.000",9119.42,NOK,FR,manual_import,84,92
deal_77,account_19,user_132,pipeline_4,stage_4,open,2026-01-23,NULL,"2026-02-03 19:22:00.000",8567.44,SEK,UK,manual_import,NULL,NULL
deal_78,account_81,user_162,pipeline_3,stage_2,open,2026-01-23,NULL,"2026-02-09 16:27:00.000",131215.6,DKK,FR,crm_backend,NULL,NULL
deal_79,account_75,user_284,pipeline_1,stage_4,lost,2026-01-24,2026-04-14,"2026-03-30 15:40:00.000",8460.2,EUR,UK,crm_backend,80,94
deal_80,account_32,user_363,pipeline_8,stage_3,open,2026-01-24,NULL,"2026-02-11 22:05:00.000",7905.23,DKK,NO,integration,NULL,NULL
deal_81,account_37,user_130,pipeline_3,stage_3,open,2026-01-24,NULL,"2026-02-12 20:22:00.000",4547.42,DKK,DK,crm_backend,NULL,NULL
deal_82,account_95,user_351,pipeline_2,stage_1,open,2026-01-24,NULL,"2026-02-06 21:02:00.000",14372.02,EUR,FR,crm_backend,NULL,NULL
deal_83,account_114,user_270,pipeline_1,stage_6,won,2026-01-25,2026-04-14,"2026-02-14 13:44:00.000",4946.97,NOK,SE,manual_import,79,94
deal_84,account_87,user_369,pipeline_4,stage_4,open,2026-01-25,NULL,"2026-02-09 00:40:00.000",5870.02,EUR,UK,manual_import,NULL,NULL
deal_85,account_37,user_399,pipeline_7,stage_6,open,2026-01-25,NULL,"2026-03-04 18:55:00.000",36405.16,NOK,NL,crm_backend,NULL,NULL
deal_86,account_35,user_231,pipeline_3,stage_5,open,2026-01-25,NULL,"2026-02-16 15:54:00.000",7978.76,EUR,SE,crm_backend,NULL,NULL
deal_87,account_92,user_333,pipeline_6,stage_1,open,2026-01-25,NULL,"2026-03-10 12:51:00.000",12106.09,EUR,SE,crm_backend,NULL,NULL
deal_88,account_68,user_217,pipeline_2,stage_1,open,2026-01-25,NULL,"2026-03-06 20:43:00.000",3753.69,DKK,NL,crm_backend,NULL,NULL
deal_89,account_79,user_181,pipeline_4,stage_3,open,2026-01-26,NULL,"2026-02-18 18:53:00.000",14440.84,EUR,FR,integration,NULL,NULL
deal_90,account_33,user_383,pipeline_1,stage_6,won,2026-01-27,2026-05-03,"2026-04-12 14:05:00.000",91386.76,NOK,SE,manual_import,96,76
deal_91,account_81,user_94,pipeline_3,stage_6,won,2026-01-27,2026-02-03,"2026-01-29 09:04:00.000",5657.88,EUR,FR,manual_import,7,165
deal_92,account_83,user_98,pipeline_5,stage_6,won,2026-01-27,2026-04-23,"2026-03-03 14:05:00.000",4493.7,NOK,DE,integration,86,85
deal_93,account_48,user_266,pipeline_5,stage_6,won,2026-01-28,2026-04-18,"2026-04-08 09:24:00.000",15137.15,EUR,UK,integration,80,91
deal_94,account_58,user_22,pipeline_6,stage_6,open,2026-01-28,NULL,"2026-02-01 22:20:00.000",7359.73,EUR,NL,manual_import,NULL,NULL
deal_95,account_9,user_121,pipeline_6,stage_3,open,2026-01-28,NULL,"2026-03-12 21:50:00.000",14385.88,EUR,DE,integration,NULL,NULL
deal_96,account_15,user_14,pipeline_3,stage_5,open,2026-01-28,NULL,"2026-02-14 00:07:00.000",5574.85,EUR,SE,crm_backend,NULL,NULL
deal_97,account_12,user_350,pipeline_6,stage_6,won,2026-01-29,2026-03-10,"2026-02-09 13:55:00.000",11541.71,NOK,NL,crm_backend,40,129
deal_98,account_18,user_122,pipeline_8,stage_3,open,2026-01-29,NULL,"2026-03-05 10:38:00.000",23512.85,EUR,FR,integration,NULL,NULL
deal_99,account_41,user_329,pipeline_2,stage_2,open,2026-01-29,NULL,"2026-03-05 18:46:00.000",33674.24,EUR,DK,crm_backend,NULL,NULL
deal_100,account_29,user_178,pipeline_5,stage_3,open,2026-01-29,NULL,"2026-02-06 14:30:00.000",32182.34,EUR,NL,manual_import,NULL,NULL
deal_101,account_6,user_15,pipeline_2,stage_5,lost,2026-01-30,2026-02-28,"2026-02-13 08:46:00.000",38778.32,DKK,DK,integration,29,139
deal_102,account_52,user_153,pipeline_8,stage_1,open,2026-01-30,NULL,"2026-02-28 12:42:00.000",25876.73,EUR,DE,crm_backend,NULL,NULL
deal_103,account_14,user_164,pipeline_4,stage_2,open,2026-01-30,NULL,"2026-02-02 20:54:00.000",14344.62,SEK,FR,integration,NULL,NULL
deal_104,account_25,user_391,pipeline_3,stage_3,lost,2026-01-30,2026-04-06,"2026-02-11 16:30:00.000",14342.79,EUR,DK,crm_backend,66,102
deal_105,account_113,user_335,pipeline_8,stage_4,open,2026-01-30,NULL,"2026-02-15 19:06:00.000",12166.28,EUR,NL,integration,NULL,NULL
deal_106,account_36,user_320,pipeline_2,stage_3,lost,2026-01-31,2026-03-18,"2026-02-24 10:11:00.000",33438.89,EUR,SE,manual_import,46,121
deal_107,account_59,user_77,pipeline_3,stage_3,lost,2026-01-31,2026-04-22,"2026-04-17 13:35:00.000",7036.48,NOK,DK,integration,81,86
deal_108,account_87,user_57,pipeline_7,stage_5,open,2026-01-31,NULL,"2026-03-12 18:24:00.000",10162.92,DKK,SE,manual_import,NULL,NULL
deal_109,account_68,user_323,pipeline_7,stage_6,won,2026-01-31,2026-04-17,"2026-02-25 10:31:00.000",3227.25,DKK,DE,manual_import,76,92
deal_110,account_112,user_377,pipeline_1,stage_3,open,2026-01-31,NULL,"2026-03-02 19:19:00.000",7521.9,EUR,UK,manual_import,NULL,NULL
deal_111,account_79,user_248,pipeline_4,stage_1,open,2026-02-01,NULL,"2026-02-20 17:07:00.000",11458.81,DKK,FR,manual_import,NULL,NULL
deal_112,account_87,user_279,pipeline_7,stage_6,won,2026-02-01,2026-05-17,"2026-03-11 14:44:00.000",3504.8,GBP,UK,integration,105,61
deal_113,account_106,user_276,pipeline_5,stage_1,open,2026-02-01,NULL,"2026-03-10 21:40:00.000",5909.5,EUR,DE,integration,NULL,NULL
deal_114,account_1,user_282,pipeline_3,stage_5,open,2026-02-02,NULL,"2026-03-15 18:20:00.000",NULL,NOK,UK,manual_import,NULL,NULL
deal_115,account_109,user_20,pipeline_3,stage_2,lost,2026-02-02,2026-05-23,"2026-05-14 15:07:00.000",8944.61,GBP,NO,crm_backend,110,55
deal_116,account_37,user_233,pipeline_8,stage_6,won,2026-02-03,2026-03-02,"2026-02-14 10:17:00.000",4949.93,EUR,UK,integration,27,138
deal_117,account_97,user_99,pipeline_3,stage_6,won,2026-02-03,2026-02-17,"2026-02-14 14:55:00.000",4144.62,GBP,NO,integration,14,150
deal_118,account_35,user_169,pipeline_5,NULL,won,2026-02-03,2026-05-01,"2026-03-06 17:56:00.000",8491.09,EUR,UK,integration,86,78
deal_119,account_48,user_315,pipeline_4,stage_3,lost,2026-02-04,2026-04-25,"2026-03-30 11:44:00.000",11423.29,NOK,FR,crm_backend,80,83
deal_120,account_77,user_42,pipeline_8,stage_6,won,2026-02-04,2026-04-20,"2026-02-12 17:00:00.000",12945.29,EUR,SE,integration,75,88
deal_121,account_88,user_106,pipeline_8,stage_3,lost,2026-02-04,2026-02-23,"2026-02-18 09:33:00.000",22526.62,NOK,DE,integration,19,144
deal_122,account_10,user_24,pipeline_7,stage_6,won,2026-02-05,2026-02-15,"2026-02-13 13:52:00.000",3380.82,NOK,UK,manual_import,10,153
deal_123,account_115,user_196,pipeline_8,stage_3,open,2026-02-05,NULL,"2026-03-11 16:42:00.000",10842.41,EUR,UK,crm_backend,NULL,NULL
deal_124,account_39,user_238,pipeline_7,stage_1,open,2026-02-05,NULL,"2026-02-14 21:46:00.000",NULL,DKK,NL,crm_backend,NULL,NULL
deal_125,account_77,user_18,pipeline_8,stage_1,open,2026-02-05,NULL,"2026-03-11 12:31:00.000",12052.63,EUR,UK,manual_import,NULL,NULL
deal_126,account_87,user_165,pipeline_4,stage_6,won,2026-02-05,2026-04-15,"2026-03-30 13:09:00.000",25573.86,SEK,UK,manual_import,69,93
deal_127,account_83,user_344,pipeline_7,stage_2,open,2026-02-06,NULL,"2026-03-02 20:05:00.000",12052.99,NOK,FR,integration,NULL,NULL
deal_128,account_54,user_286,pipeline_3,stage_1,open,2026-02-06,NULL,"2026-03-06 20:56:00.000",4109.57,DKK,NL,crm_backend,NULL,NULL
deal_129,account_98,user_301,pipeline_4,stage_5,open,2026-02-06,NULL,"2026-02-06 19:46:00.000",14245.92,EUR,SE,manual_import,NULL,NULL
deal_130,account_71,user_165,pipeline_5,stage_3,open,2026-02-07,NULL,"2026-03-02 23:14:00.000",13593.74,NOK,DK,crm_backend,NULL,NULL
deal_131,account_73,user_114,pipeline_3,stage_5,open,2026-02-07,NULL,"2026-03-05 13:18:00.000",4828.94,EUR,UK,manual_import,NULL,NULL
deal_132,account_93,user_329,pipeline_8,stage_4,open,2026-02-08,NULL,"2026-03-15 00:11:00.000",5208.57,EUR,FR,crm_backend,NULL,NULL
deal_133,account_98,user_4,pipeline_7,stage_6,won,2026-02-08,2026-05-12,"2026-02-10 10:20:00.000",5624.64,DKK,NL,integration,93,67
deal_134,account_69,user_283,pipeline_7,stage_3,open,2026-02-08,NULL,"2026-02-26 08:29:00.000",9026.59,EUR,NO,manual_import,NULL,NULL
deal_135,account_68,user_130,pipeline_6,stage_6,won,2026-02-08,2026-04-03,"2026-03-17 12:33:00.000",5918.49,SEK,NO,manual_import,54,105
deal_136,account_12,user_208,pipeline_7,NULL,open,2026-02-09,NULL,"2026-02-19 15:50:00.000",8998.3,SEK,NO,manual_import,NULL,NULL
deal_137,account_114,user_291,pipeline_8,stage_1,open,2026-02-10,NULL,"2026-03-16 22:14:00.000",238500.65,SEK,FR,integration,NULL,NULL
deal_138,account_73,user_124,pipeline_7,stage_4,open,2026-02-10,NULL,"2026-03-26 18:33:00.000",9009.51,SEK,DK,manual_import,NULL,NULL
deal_139,account_51,user_397,pipeline_6,stage_4,open,2026-02-10,NULL,"2026-02-24 14:34:00.000",9636.45,EUR,FR,manual_import,NULL,NULL
deal_140,account_10,user_43,pipeline_5,stage_4,open,2026-02-10,NULL,"2026-03-06 16:01:00.000",28268.58,EUR,NO,crm_backend,NULL,NULL
deal_141,account_66,user_209,pipeline_2,stage_3,open,2026-02-10,NULL,"2026-03-02 15:00:00.000",3148.09,DKK,SE,manual_import,NULL,NULL
deal_142,account_22,user_72,pipeline_5,stage_1,open,2026-02-10,NULL,"2026-02-27 20:19:00.000",6597.03,NOK,DE,manual_import,NULL,NULL
deal_143,account_39,user_4,pipeline_7,stage_6,won,2026-02-11,2026-06-04,"2026-04-09 13:40:00.000",7016.83,GBP,SE,integration,113,43
deal_144,account_26,user_246,pipeline_6,stage_6,lost,2026-02-11,2026-05-13,"2026-04-26 11:01:00.000",12383.69,NOK,DK,crm_backend,91,65
deal_145,account_24,user_350,pipeline_1,stage_2,lost,2026-02-12,2026-06-01,"2026-05-28 15:52:00.000",13173.46,EUR,DK,crm_backend,109,46
deal_146,account_55,user_194,pipeline_2,stage_3,lost,2026-02-12,2026-04-20,"2026-02-17 15:39:00.000",12488.65,EUR,UK,crm_backend,67,88
deal_147,account_86,user_182,pipeline_3,stage_3,open,2026-02-12,NULL,"2026-03-05 16:05:00.000",8777.6,DKK,SE,integration,NULL,NULL
deal_148,account_87,user_302,pipeline_3,stage_3,lost,2026-02-12,2026-06-12,"2026-02-27 13:53:00.000",12975.81,EUR,FR,crm_backend,120,36
deal_149,account_13,user_225,pipeline_8,stage_1,open,2026-02-12,NULL,"2026-02-13 19:17:00.000",10775.64,EUR,SE,manual_import,NULL,NULL
deal_150,account_30,user_208,pipeline_3,stage_2,open,2026-02-13,NULL,"2026-03-24 14:32:00.000",50990.46,NOK,FR,crm_backend,NULL,NULL
deal_151,account_69,user_96,pipeline_6,stage_1,open,2026-02-13,NULL,"2026-03-16 22:33:00.000",14591,EUR,DK,integration,NULL,NULL
deal_152,account_91,user_153,pipeline_2,stage_1,open,2026-02-13,NULL,"2026-03-08 12:41:00.000",9129.9,EUR,UK,manual_import,NULL,NULL
deal_153,account_23,user_285,pipeline_3,stage_1,open,2026-02-13,NULL,"2026-03-24 17:15:00.000",13386.27,EUR,NL,manual_import,NULL,NULL
deal_154,account_54,user_364,pipeline_8,stage_3,open,2026-02-14,NULL,"2026-02-28 21:19:00.000",7536.68,NOK,DE,manual_import,NULL,NULL
deal_155,account_35,user_397,pipeline_6,stage_6,won,2026-02-14,2026-05-21,"2026-04-25 17:15:00.000",5622.5,DKK,SE,integration,95,58
deal_156,account_34,user_179,pipeline_2,stage_6,won,2026-02-14,2026-05-31,"2026-03-13 15:29:00.000",12728.43,NOK,UK,integration,106,47
deal_157,account_27,user_106,pipeline_1,stage_1,open,2026-02-14,NULL,"2026-03-06 22:42:00.000",6472,DKK,NO,crm_backend,NULL,NULL
deal_158,account_36,user_336,pipeline_3,stage_3,open,2026-02-15,NULL,"2026-03-30 16:57:00.000",8873.5,EUR,UK,crm_backend,NULL,NULL
deal_159,account_120,user_189,pipeline_8,stage_1,open,2026-02-16,NULL,"2026-02-22 00:08:00.000",10618.09,EUR,DE,crm_backend,NULL,NULL
deal_160,account_37,user_173,pipeline_3,stage_6,won,2026-02-16,2026-06-13,"2026-02-22 17:39:00.000",4194.9,EUR,FR,crm_backend,117,34
deal_160,account_37,user_173,pipeline_3,stage_6,won,2026-02-16,2026-06-13,"2026-02-22 17:39:00.000",4194.9,EUR,FR,crm_backend,117,34
deal_161,account_55,user_104,pipeline_3,stage_5,open,2026-02-16,NULL,"2026-03-29 19:18:00.000",6004.67,EUR,DK,manual_import,NULL,NULL
deal_162,account_84,user_47,pipeline_2,stage_1,open,2026-02-16,NULL,"2026-03-21 15:36:00.000",3111.44,EUR,SE,integration,NULL,NULL
deal_163,account_94,user_53,pipeline_2,stage_1,open,2026-02-16,NULL,"2026-02-24 15:46:00.000",3820.94,EUR,SE,manual_import,NULL,NULL
deal_164,account_79,user_352,pipeline_8,stage_1,open,2026-02-16,NULL,"2026-03-25 18:15:00.000",7218.43,DKK,SE,manual_import,NULL,NULL
deal_165,account_100,user_354,pipeline_1,stage_3,open,2026-02-17,NULL,"2026-03-14 18:10:00.000",10754.04,EUR,SE,integration,NULL,NULL
deal_166,account_114,user_7,pipeline_6,stage_5,open,2026-02-17,NULL,"2026-03-12 22:43:00.000",11195.3,EUR,NO,crm_backend,NULL,NULL
deal_167,account_8,user_204,pipeline_5,stage_6,won,2026-02-17,2026-04-12,"2026-03-30 16:33:00.000",9438.78,EUR,NL,crm_backend,54,96
deal_168,account_51,user_301,pipeline_2,stage_3,open,2026-02-18,NULL,"2026-02-21 17:27:00.000",4034.55,EUR,UK,manual_import,NULL,NULL
deal_169,account_91,user_71,pipeline_1,stage_2,open,2026-02-18,NULL,"2026-03-06 13:37:00.000",7462.43,EUR,NO,integration,NULL,NULL
deal_170,account_9,user_135,pipeline_2,stage_2,open,2026-02-18,NULL,"2026-03-26 19:18:00.000",7412.25,NOK,SE,manual_import,NULL,NULL
deal_171,account_32,user_24,pipeline_8,stage_1,open,2026-02-19,NULL,"2026-02-21 23:38:00.000",12637.39,EUR,UK,integration,NULL,NULL
deal_172,account_16,user_258,pipeline_1,stage_2,open,2026-02-20,NULL,"2026-03-17 12:13:00.000",13523.89,EUR,DE,crm_backend,NULL,NULL
deal_173,account_101,user_156,pipeline_4,stage_6,open,2026-02-20,NULL,"2026-03-05 01:14:00.000",18382.02,EUR,FR,manual_import,NULL,NULL
deal_174,account_1,user_389,pipeline_7,stage_2,open,2026-02-20,NULL,"2026-03-23 14:15:00.000",198692.9,EUR,DK,integration,NULL,NULL
deal_175,account_65,user_69,pipeline_7,stage_1,open,2026-02-21,NULL,"2026-03-01 13:18:00.000",6500.11,SEK,DK,integration,NULL,NULL
deal_176,account_18,user_400,pipeline_2,stage_2,open,2026-02-22,NULL,"2026-03-01 19:47:00.000",7299.45,SEK,NO,crm_backend,NULL,NULL
deal_177,account_91,user_357,pipeline_1,stage_6,won,2026-02-22,2026-03-08,"2026-02-28 11:40:00.000",17426.12,EUR,DE,integration,14,132
deal_178,account_60,user_53,pipeline_3,stage_4,open,2026-02-23,NULL,"2026-03-03 13:26:00.000",12884.08,DKK,DK,crm_backend,NULL,NULL
deal_179,account_104,user_66,pipeline_2,stage_5,open,2026-02-24,NULL,"2026-04-01 21:02:00.000",108232.48,EUR,SE,integration,NULL,NULL
deal_180,account_5,user_315,pipeline_4,stage_5,open,2026-02-24,NULL,"2026-03-01 17:48:00.000",7596.18,EUR,FR,manual_import,NULL,NULL
deal_181,account_101,user_366,pipeline_6,stage_2,open,2026-02-24,NULL,"2026-03-28 21:40:00.000",17597.83,NOK,NO,integration,NULL,NULL
deal_182,account_30,user_82,pipeline_2,stage_1,open,2026-02-24,NULL,"2026-02-27 15:57:00.000",9908.31,GBP,SE,crm_backend,NULL,NULL
deal_183,account_90,user_184,pipeline_1,stage_4,lost,2026-02-25,2026-03-24,"2026-03-15 14:00:00.000",6708.64,EUR,SE,crm_backend,27,115
deal_183,account_90,user_184,pipeline_1,stage_4,lost,2026-02-25,2026-03-24,"2026-03-15 14:00:00.000",6708.64,EUR,SE,crm_backend,27,115
deal_184,account_118,user_315,pipeline_4,stage_1,open,2026-02-25,NULL,"2026-03-17 11:13:00.000",3262.95,SEK,FR,integration,NULL,NULL
deal_185,account_85,user_203,pipeline_2,stage_1,open,2026-02-25,NULL,"2026-03-24 22:02:00.000",42317.48,NOK,SE,manual_import,NULL,NULL
deal_186,account_40,user_376,pipeline_5,stage_1,open,2026-02-25,NULL,"2026-04-02 16:50:00.000",13209.08,EUR,FR,manual_import,NULL,NULL
deal_187,account_120,user_255,pipeline_3,stage_6,won,2026-02-25,2026-04-09,"2026-04-07 13:39:00.000",44582.86,SEK,DE,crm_backend,43,100
deal_188,account_9,user_180,pipeline_5,stage_6,won,2026-02-25,2026-04-25,"2026-03-08 09:50:00.000",13614.62,EUR,NO,integration,59,83
deal_189,account_29,user_84,pipeline_8,stage_6,won,2026-02-26,2026-03-03,"2026-03-01 09:15:00.000",27762.19,NOK,NL,crm_backend,5,137
deal_190,account_115,user_248,pipeline_1,stage_2,lost,2026-02-26,2026-03-21,"2026-03-02 15:21:00.000",6973.13,DKK,UK,manual_import,23,119
deal_191,account_31,user_50,pipeline_1,stage_4,open,2026-02-26,NULL,"2026-03-21 14:45:00.000",8131.27,EUR,NO,crm_backend,NULL,NULL
deal_192,account_11,user_243,pipeline_2,stage_6,won,2026-02-26,2026-06-23,"2026-03-10 13:15:00.000",10702.4,EUR,SE,integration,117,24
deal_193,account_34,user_116,pipeline_5,stage_4,open,2026-02-26,NULL,"2026-03-03 23:29:00.000",12698.16,EUR,DE,manual_import,NULL,NULL
deal_194,account_111,user_244,pipeline_4,stage_2,open,2026-02-26,NULL,"2026-03-01 00:41:00.000",9854.64,EUR,FR,integration,NULL,NULL
deal_195,account_104,user_99,pipeline_3,stage_6,open,2026-02-27,NULL,"2026-04-08 11:14:00.000",13009.3,EUR,DE,manual_import,NULL,NULL
deal_196,account_36,user_267,pipeline_8,stage_6,won,2026-02-27,2026-05-07,"2026-03-14 08:12:00.000",23679.41,GBP,NO,manual_import,69,72
deal_197,account_113,user_177,pipeline_7,stage_2,open,2026-02-28,NULL,"2026-03-02 15:26:00.000",NULL,SEK,DK,manual_import,NULL,NULL
deal_198,account_118,user_138,pipeline_6,stage_4,open,2026-02-28,NULL,"2026-03-31 10:00:00.000",33025.03,EUR,UK,integration,NULL,NULL
deal_199,account_57,user_109,pipeline_7,stage_6,won,2026-02-28,2026-06-16,"2026-05-05 16:16:00.000",40917.12,NOK,NL,manual_import,108,31
deal_200,account_108,user_30,pipeline_4,stage_5,open,2026-02-28,NULL,"2026-03-17 14:50:00.000",12882.08,EUR,DK,integration,NULL,NULL
deal_201,account_112,user_243,pipeline_6,stage_5,open,2026-02-28,NULL,"2026-04-13 15:24:00.000",6420.83,GBP,FR,crm_backend,NULL,NULL
deal_202,account_84,user_210,pipeline_1,stage_1,open,2026-03-01,NULL,"2026-03-01 11:58:00.000",6028.69,DKK,DE,integration,NULL,NULL
deal_203,account_28,user_239,pipeline_5,stage_6,won,2026-03-01,2026-03-17,"2026-03-13 16:53:00.000",9737.49,DKK,DE,crm_backend,16,122
deal_204,account_42,user_142,pipeline_5,stage_2,open,2026-03-01,NULL,"2026-03-04 19:58:00.000",10926.36,GBP,DK,integration,NULL,NULL
deal_205,account_75,user_363,pipeline_4,stage_6,won,2026-03-01,2026-05-11,"2026-04-16 13:51:00.000",9087.78,SEK,SE,integration,71,67
deal_206,account_93,user_287,pipeline_3,stage_1,open,2026-03-02,NULL,"2026-03-21 20:53:00.000",12457.09,SEK,DE,crm_backend,NULL,NULL
deal_207,account_80,user_37,pipeline_8,stage_5,open,2026-03-02,NULL,"2026-03-21 18:22:00.000",3648.74,EUR,NL,integration,NULL,NULL
deal_208,account_24,user_399,pipeline_2,stage_6,open,2026-03-02,NULL,"2026-03-05 16:23:00.000",28928.99,NOK,FR,crm_backend,NULL,NULL
deal_209,account_55,user_207,pipeline_7,stage_1,open,2026-03-02,NULL,"2026-03-25 16:22:00.000",NULL,EUR,UK,crm_backend,NULL,NULL
deal_210,account_17,user_53,pipeline_7,stage_1,open,2026-03-03,NULL,"2026-03-22 21:32:00.000",8471.12,DKK,SE,integration,NULL,NULL
deal_211,account_97,user_97,pipeline_3,stage_1,open,2026-03-03,NULL,"2026-03-16 15:15:00.000",NULL,SEK,DK,manual_import,NULL,NULL
deal_212,account_7,user_339,pipeline_2,stage_1,open,2026-03-03,NULL,"2026-03-10 17:40:00.000",6032.86,EUR,DE,manual_import,NULL,NULL
deal_213,account_80,user_311,pipeline_3,stage_6,won,2026-03-03,2026-06-06,"2026-04-09 15:08:00.000",8721.52,EUR,NL,crm_backend,95,41
deal_214,account_6,user_281,pipeline_8,stage_2,open,2026-03-04,NULL,"2026-03-04 13:03:00.000",13882.56,EUR,NL,crm_backend,NULL,NULL
deal_215,account_33,user_330,pipeline_4,stage_3,lost,2026-03-04,2026-03-19,"2026-03-18 15:47:00.000",3473.33,EUR,UK,crm_backend,15,120
deal_216,account_6,user_5,pipeline_3,stage_5,open,2026-03-04,NULL,"2026-03-21 12:29:00.000",7471.47,EUR,FR,integration,NULL,NULL
deal_217,account_84,user_86,pipeline_2,stage_1,open,2026-03-05,NULL,"2026-03-15 12:01:00.000",7992.33,EUR,DE,integration,NULL,NULL
deal_218,account_113,user_373,pipeline_3,stage_2,lost,2026-03-05,2026-03-13,"2026-03-10 16:14:00.000",39864.06,NOK,UK,manual_import,8,126
deal_219,account_112,user_174,pipeline_2,stage_1,open,2026-03-05,NULL,"2026-04-17 21:57:00.000",4783.85,EUR,SE,manual_import,NULL,NULL
deal_220,account_112,user_85,pipeline_2,stage_2,open,2026-03-05,NULL,"2026-04-06 20:11:00.000",9605.95,EUR,NL,integration,NULL,NULL
deal_221,account_41,user_61,pipeline_8,stage_2,open,2026-03-05,NULL,"2026-03-05 09:51:00.000",12501.4,DKK,UK,manual_import,NULL,NULL
deal_222,account_105,user_115,pipeline_8,stage_3,open,2026-03-06,NULL,"2026-04-17 19:51:00.000",39389.56,SEK,FR,integration,NULL,NULL
deal_223,account_14,user_24,pipeline_3,stage_3,open,2026-03-06,NULL,"2026-03-12 20:44:00.000",39518.68,NOK,UK,integration,NULL,NULL
deal_224,account_108,user_345,pipeline_2,stage_3,open,2026-03-07,NULL,"2026-04-07 15:45:00.000",35943,EUR,SE,manual_import,NULL,NULL
deal_225,account_17,user_54,pipeline_7,stage_2,open,2026-03-07,NULL,"2026-04-20 17:43:00.000",6283.15,EUR,DE,manual_import,NULL,NULL
deal_226,account_39,user_360,pipeline_6,stage_1,open,2026-03-07,NULL,"2026-03-25 23:19:00.000",46041.77,EUR,UK,integration,NULL,NULL
deal_227,account_72,user_246,pipeline_7,stage_4,open,2026-03-07,NULL,"2026-04-09 18:55:00.000",10489.97,EUR,DK,manual_import,NULL,NULL
deal_228,account_89,user_152,pipeline_4,stage_4,open,2026-03-07,NULL,"2026-04-20 02:49:00.000",13378.1,NOK,FR,manual_import,NULL,NULL
deal_229,account_119,user_196,pipeline_7,stage_6,lost,2026-03-07,2026-05-19,"2026-03-09 15:06:00.000",43786.56,EUR,SE,manual_import,73,60
deal_230,account_97,user_302,pipeline_4,stage_1,open,2026-03-07,NULL,"2026-03-18 14:15:00.000",18932.27,EUR,FR,integration,NULL,NULL
deal_231,account_20,user_166,pipeline_1,stage_3,open,2026-03-08,NULL,"2026-04-22 18:33:00.000",9304.74,EUR,NL,manual_import,NULL,NULL
deal_232,account_114,user_110,pipeline_6,stage_1,open,2026-03-08,NULL,"2026-04-10 21:45:00.000",NULL,DKK,DE,crm_backend,NULL,NULL
deal_233,account_32,user_21,pipeline_6,stage_6,lost,2026-03-09,2026-05-20,"2026-03-13 14:30:00.000",13936.03,NOK,DE,integration,72,58
deal_234,account_25,user_165,pipeline_2,stage_6,open,2026-03-09,NULL,"2026-03-09 10:45:00.000",5529.38,SEK,SE,manual_import,NULL,NULL
deal_235,account_95,user_397,pipeline_7,stage_6,won,2026-03-09,2026-05-09,"2026-03-12 09:13:00.000",14117.3,DKK,SE,integration,61,70
deal_236,account_52,user_222,pipeline_6,NULL,open,2026-03-09,NULL,"2026-04-17 09:21:00.000",12071.53,GBP,NO,integration,NULL,NULL
deal_237,account_12,user_145,pipeline_8,stage_3,open,2026-03-09,NULL,"2026-04-12 18:15:00.000",4636.58,GBP,SE,integration,NULL,NULL
deal_238,account_102,user_374,pipeline_6,stage_3,open,2026-03-09,NULL,"2026-03-09 17:57:00.000",10159.86,NOK,UK,integration,NULL,NULL
deal_239,account_19,user_83,pipeline_3,stage_1,open,2026-03-10,NULL,"2026-04-21 21:26:00.000",13227.01,EUR,NL,crm_backend,NULL,NULL
deal_240,account_13,user_102,pipeline_8,stage_3,open,2026-03-10,NULL,"2026-03-28 14:49:00.000",13801.42,EUR,NL,crm_backend,NULL,NULL
deal_241,account_41,user_220,pipeline_3,stage_4,open,2026-03-10,NULL,"2026-04-20 15:30:00.000",6320.16,EUR,DE,integration,NULL,NULL
deal_242,account_14,user_90,pipeline_2,stage_6,won,2026-03-10,2026-05-20,"2026-04-13 12:47:00.000",11802.54,SEK,FR,manual_import,71,59
deal_243,account_75,user_208,pipeline_4,stage_2,open,2026-03-10,NULL,"2026-04-09 11:09:00.000",25349.77,EUR,NL,crm_backend,NULL,NULL
deal_244,account_85,user_123,pipeline_3,stage_1,open,2026-03-10,NULL,"2026-04-15 19:15:00.000",11831.04,EUR,NO,integration,NULL,NULL
deal_245,account_67,user_185,pipeline_7,stage_5,lost,2026-03-11,2026-06-05,"2026-03-25 16:00:00.000",11444.84,SEK,DK,manual_import,86,42
deal_246,account_84,user_194,pipeline_6,stage_2,open,2026-03-11,NULL,"2026-04-13 16:14:00.000",7234.78,DKK,NL,crm_backend,NULL,NULL
deal_247,account_66,user_330,pipeline_5,stage_1,open,2026-03-11,NULL,"2026-03-18 15:31:00.000",7975.36,EUR,NL,crm_backend,NULL,NULL
deal_248,account_6,user_66,pipeline_3,stage_1,open,2026-03-12,NULL,"2026-03-15 13:07:00.000",23759.69,EUR,UK,manual_import,NULL,NULL
deal_249,account_11,user_111,pipeline_8,stage_6,won,2026-03-12,2026-06-29,"2026-05-28 16:02:00.000",4712.55,DKK,NL,integration,109,18
deal_250,account_119,user_233,pipeline_2,NULL,open,2026-03-12,NULL,"2026-04-14 20:31:00.000",11212.41,SEK,NL,crm_backend,NULL,NULL
deal_251,account_12,user_247,pipeline_3,stage_6,won,2026-03-13,2026-06-24,"2026-05-19 17:12:00.000",8048.21,EUR,FR,integration,102,24
deal_252,account_76,user_380,pipeline_2,stage_2,open,2026-03-13,NULL,"2026-03-18 20:05:00.000",NULL,NOK,NO,manual_import,NULL,NULL
deal_253,account_84,user_106,pipeline_6,stage_1,open,2026-03-14,NULL,"2026-03-30 19:25:00.000",13259.72,DKK,FR,crm_backend,NULL,NULL
deal_254,account_62,user_92,pipeline_6,stage_1,open,2026-03-14,NULL,"2026-04-06 00:19:00.000",11829.39,EUR,UK,crm_backend,NULL,NULL
deal_255,account_101,user_174,pipeline_1,stage_3,open,2026-03-14,NULL,"2026-03-23 18:46:00.000",14110.34,EUR,NO,manual_import,NULL,NULL
deal_256,account_79,user_336,pipeline_5,stage_5,lost,2026-03-14,2026-05-12,"2026-03-27 08:58:00.000",13206.81,EUR,FR,manual_import,59,67
deal_257,account_79,user_87,pipeline_1,stage_1,open,2026-03-14,NULL,"2026-03-31 20:57:00.000",7237.53,NOK,NO,crm_backend,NULL,NULL
deal_258,account_118,user_299,pipeline_6,stage_3,lost,2026-03-15,2026-04-11,"2026-03-28 13:55:00.000",9898.88,EUR,NO,manual_import,27,97
deal_259,account_103,user_263,pipeline_5,stage_6,won,2026-03-15,2026-06-15,"2026-05-03 17:10:00.000",9758.02,GBP,DE,manual_import,91,33
deal_260,account_4,user_247,pipeline_2,stage_3,open,2026-03-15,NULL,"2026-04-27 16:19:00.000",12601.94,NOK,DK,crm_backend,NULL,NULL
deal_261,account_96,user_176,pipeline_2,stage_3,lost,2026-03-15,2026-07-11,"2026-04-19 17:27:00.000",5193.41,EUR,UK,crm_backend,117,7
deal_262,account_34,user_106,pipeline_4,stage_6,won,2026-03-15,2026-05-02,"2026-03-22 11:27:00.000",17263.48,EUR,FR,manual_import,48,77
deal_263,account_48,user_318,pipeline_6,stage_5,lost,2026-03-15,2026-04-23,"2026-03-27 16:24:00.000",14812.74,EUR,NL,crm_backend,38,86
deal_264,account_70,user_17,pipeline_6,stage_6,won,2026-03-16,2026-05-16,"2026-04-30 14:43:00.000",77163.27,EUR,NO,integration,61,63
deal_265,account_24,user_281,pipeline_5,stage_6,open,2026-03-16,NULL,"2026-03-27 20:32:00.000",8087.31,EUR,DE,crm_backend,NULL,NULL
deal_266,account_88,user_118,pipeline_2,stage_6,won,2026-03-16,2026-07-06,"2026-04-11 12:36:00.000",4750.12,NOK,SE,integration,112,11
deal_267,account_109,user_323,pipeline_6,stage_3,open,2026-03-16,NULL,"2026-04-10 17:59:00.000",39892.71,EUR,DK,integration,NULL,NULL
deal_268,account_120,user_132,pipeline_6,stage_2,open,2026-03-16,NULL,"2026-04-23 11:43:00.000",9922.25,EUR,DK,manual_import,NULL,NULL
deal_269,account_114,user_41,pipeline_7,stage_6,open,2026-03-17,NULL,"2026-04-26 18:38:00.000",8061.8,EUR,DK,crm_backend,NULL,NULL
deal_270,account_91,user_137,pipeline_7,stage_5,lost,2026-03-17,2026-06-23,"2026-05-14 12:37:00.000",12411.97,DKK,UK,manual_import,98,24
deal_271,account_51,user_53,pipeline_2,stage_3,lost,2026-03-17,2026-06-26,"2026-05-24 09:05:00.000",26261.58,DKK,DE,integration,101,22
deal_272,account_57,user_321,pipeline_3,stage_1,open,2026-03-17,NULL,"2026-04-08 15:47:00.000",13370.89,EUR,SE,manual_import,NULL,NULL
deal_273,account_59,user_324,pipeline_7,stage_2,open,2026-03-17,NULL,"2026-04-17 02:08:00.000",12995.09,EUR,NL,crm_backend,NULL,NULL
deal_274,account_89,user_252,pipeline_8,stage_2,open,2026-03-18,NULL,"2026-04-01 13:13:00.000",35492.4,NOK,UK,integration,NULL,NULL
deal_275,account_11,user_217,pipeline_4,stage_6,won,2026-03-18,2026-07-02,"2026-04-24 16:49:00.000",10781.48,EUR,NO,crm_backend,106,15
deal_276,account_80,user_232,pipeline_5,stage_1,open,2026-03-19,NULL,"2026-04-22 16:45:00.000",11367.45,EUR,SE,crm_backend,NULL,NULL
deal_277,account_40,user_256,pipeline_6,stage_1,open,2026-03-19,NULL,"2026-03-28 16:51:00.000",6198.04,SEK,DK,integration,NULL,NULL
deal_278,account_99,user_366,pipeline_4,stage_6,won,2026-03-19,2026-06-24,"2026-04-14 14:34:00.000",8530.02,GBP,DE,integration,97,24
deal_279,account_42,user_82,pipeline_1,stage_1,open,2026-03-19,NULL,"2026-03-31 23:31:00.000",13650.23,DKK,DK,crm_backend,NULL,NULL
deal_280,account_16,user_203,pipeline_4,stage_4,lost,2026-03-19,2026-06-18,"2026-05-06 08:09:00.000",33683.83,EUR,FR,manual_import,91,30
deal_281,account_90,user_275,pipeline_2,stage_2,open,2026-03-20,NULL,"2026-04-30 16:03:00.000",12666.3,EUR,SE,integration,NULL,NULL
deal_282,account_57,user_287,pipeline_5,stage_1,open,2026-03-20,NULL,"2026-04-11 22:46:00.000",11788.83,DKK,NO,manual_import,NULL,NULL
deal_283,account_34,user_278,pipeline_6,stage_3,open,2026-03-20,NULL,"2026-03-31 16:03:00.000",10436.82,EUR,NL,integration,NULL,NULL
deal_284,account_20,user_314,pipeline_5,stage_2,open,2026-03-21,NULL,"2026-05-02 14:38:00.000",NULL,EUR,SE,crm_backend,NULL,NULL
deal_285,account_50,user_337,pipeline_8,stage_3,open,2026-03-21,NULL,"2026-04-04 18:10:00.000",3157.03,SEK,DE,manual_import,NULL,NULL
deal_286,account_114,user_213,pipeline_6,stage_6,won,2026-03-21,2026-03-29,"2026-03-26 08:59:00.000",11013.56,EUR,DE,crm_backend,8,111
deal_287,account_73,user_321,pipeline_3,stage_6,won,2026-03-21,2026-04-07,"2026-04-02 17:31:00.000",11093.91,EUR,FR,crm_backend,16,102
deal_288,account_85,user_81,pipeline_8,stage_4,lost,2026-03-21,2026-07-10,"2026-05-13 14:00:00.000",12170.21,DKK,NL,manual_import,111,7
deal_289,account_119,user_382,pipeline_5,stage_3,lost,2026-03-21,2026-06-24,"2026-04-27 14:08:00.000",10149.15,EUR,DK,crm_backend,95,24
deal_290,account_106,user_142,pipeline_3,stage_2,open,2026-03-22,NULL,"2026-04-14 19:32:00.000",5998.28,DKK,SE,manual_import,NULL,NULL
deal_291,account_62,user_89,pipeline_8,stage_6,won,2026-03-22,2026-06-15,"2026-03-27 17:50:00.000",11769.47,EUR,FR,integration,85,32
deal_292,account_54,user_62,pipeline_4,stage_3,open,2026-03-22,NULL,"2026-04-24 08:53:00.000",6831.8,EUR,UK,manual_import,NULL,NULL
deal_293,account_97,user_305,pipeline_2,stage_4,open,2026-03-22,NULL,"2026-04-12 13:11:00.000",8710.26,EUR,DE,manual_import,NULL,NULL
deal_294,account_72,user_102,pipeline_8,stage_1,open,2026-03-22,NULL,"2026-04-24 18:56:00.000",5907.78,DKK,NO,manual_import,NULL,NULL
deal_295,account_25,user_165,pipeline_6,stage_6,won,2026-03-22,2026-05-08,"2026-05-01 08:24:00.000",16840.16,EUR,FR,manual_import,47,71
deal_296,account_7,user_125,pipeline_3,stage_3,open,2026-03-22,NULL,"2026-04-19 20:56:00.000",9311.67,EUR,DE,manual_import,NULL,NULL
deal_297,account_86,user_10,pipeline_7,stage_3,lost,2026-03-23,2026-04-02,"2026-03-27 17:56:00.000",12470.26,DKK,NO,crm_backend,10,106
deal_298,account_110,user_338,pipeline_6,stage_5,open,2026-03-23,NULL,"2026-04-06 16:19:00.000",9102.48,DKK,NO,crm_backend,NULL,NULL
deal_299,account_72,user_365,pipeline_1,stage_2,open,2026-03-23,NULL,"2026-04-17 11:20:00.000",3220.47,GBP,NL,integration,NULL,NULL
deal_300,account_113,user_199,pipeline_1,stage_2,lost,2026-03-23,2026-05-15,"2026-03-29 17:28:00.000",11758.68,SEK,UK,crm_backend,53,63
deal_301,account_55,user_160,pipeline_6,stage_1,open,2026-03-23,NULL,"2026-04-26 19:06:00.000",13351.05,EUR,FR,crm_backend,NULL,NULL
deal_302,account_21,user_163,pipeline_2,stage_3,open,2026-03-23,NULL,"2026-04-01 18:00:00.000",12185.22,EUR,FR,manual_import,NULL,NULL
deal_303,account_100,user_97,pipeline_2,stage_4,open,2026-03-23,NULL,"2026-04-09 19:54:00.000",NULL,EUR,FR,integration,NULL,NULL
deal_304,account_92,user_333,pipeline_6,stage_6,won,2026-03-24,2026-04-13,"2026-03-31 11:08:00.000",5715.28,GBP,DE,crm_backend,20,96
deal_305,account_97,user_105,pipeline_2,stage_6,lost,2026-03-24,2026-05-28,"2026-05-22 11:01:00.000",13651.04,DKK,FR,integration,65,51
deal_306,account_96,user_293,pipeline_1,stage_2,open,2026-03-24,NULL,"2026-04-09 01:44:00.000",65585.28,GBP,SE,integration,NULL,NULL
deal_307,account_100,user_147,pipeline_8,stage_3,open,2026-03-24,NULL,"2026-04-26 13:15:00.000",8562.95,EUR,NL,manual_import,NULL,NULL
deal_308,account_42,user_231,pipeline_1,stage_5,open,2026-03-24,NULL,"2026-04-22 12:35:00.000",6000.99,NOK,NO,crm_backend,NULL,NULL
deal_309,account_11,user_269,pipeline_7,stage_1,open,2026-03-25,NULL,"2026-03-27 19:37:00.000",13947.03,SEK,SE,manual_import,NULL,NULL
deal_310,account_94,user_394,pipeline_8,stage_1,open,2026-03-25,NULL,"2026-04-06 12:58:00.000",10470.72,EUR,NO,manual_import,NULL,NULL
deal_311,account_76,user_338,pipeline_8,stage_1,open,2026-03-25,NULL,"2026-04-10 01:04:00.000",6337.36,EUR,NO,manual_import,NULL,NULL
deal_312,account_5,user_342,pipeline_5,stage_2,lost,2026-03-25,2026-04-19,"2026-04-16 13:39:00.000",6412.57,DKK,NL,crm_backend,25,90
deal_313,account_120,user_19,pipeline_2,stage_5,open,2026-03-26,NULL,"2026-04-22 22:29:00.000",3779.11,EUR,DE,manual_import,NULL,NULL
deal_314,account_8,user_56,pipeline_2,stage_6,won,2026-03-26,2026-07-07,"2026-05-20 16:15:00.000",10306.14,GBP,DK,crm_backend,103,10
deal_315,account_94,user_324,pipeline_8,stage_6,won,2026-03-26,2026-04-27,"2026-04-08 16:24:00.000",9249.08,SEK,FR,manual_import,32,81
deal_316,account_43,user_180,pipeline_4,stage_3,open,2026-03-26,NULL,"2026-03-30 13:26:00.000",6603.41,EUR,DE,manual_import,NULL,NULL
deal_317,account_25,user_170,pipeline_6,stage_5,lost,2026-03-27,2026-05-30,"2026-05-25 16:10:00.000",13704.7,NOK,DE,manual_import,64,48
deal_318,account_73,user_372,pipeline_6,stage_1,open,2026-03-27,NULL,"2026-04-18 18:35:00.000",145154.87,SEK,NL,manual_import,NULL,NULL
deal_319,account_111,user_385,pipeline_5,stage_6,won,2026-03-27,2026-04-10,"2026-03-31 13:22:00.000",7459,EUR,SE,crm_backend,14,98
deal_320,account_117,user_48,pipeline_8,stage_2,open,2026-03-28,NULL,"2026-04-09 22:26:00.000",14083.64,EUR,FR,crm_backend,NULL,NULL
deal_321,account_87,user_68,pipeline_4,stage_3,open,2026-03-28,NULL,"2026-03-28 13:55:00.000",14188.05,EUR,NO,crm_backend,NULL,NULL
deal_322,account_40,user_12,pipeline_5,stage_1,open,2026-03-28,NULL,"2026-04-17 19:05:00.000",11053.49,GBP,NL,manual_import,NULL,NULL
deal_323,account_41,user_139,pipeline_3,stage_1,open,2026-03-29,NULL,"2026-04-19 22:03:00.000",22281.4,EUR,DE,integration,NULL,NULL
deal_324,account_76,user_323,pipeline_8,stage_4,open,2026-03-29,NULL,"2026-05-10 23:10:00.000",3942.55,EUR,FR,manual_import,NULL,NULL
deal_325,account_88,user_330,pipeline_8,stage_1,open,2026-03-29,NULL,"2026-05-07 20:25:00.000",13954.34,NOK,DK,integration,NULL,NULL
deal_326,account_15,user_180,pipeline_8,stage_6,won,2026-03-29,2026-05-16,"2026-04-07 15:52:00.000",9095.4,EUR,NL,manual_import,47,63
deal_327,account_60,user_206,pipeline_7,stage_2,open,2026-03-29,NULL,"2026-04-22 13:11:00.000",7088.57,EUR,FR,integration,NULL,NULL
deal_328,account_85,user_343,pipeline_2,stage_6,won,2026-03-29,2026-06-17,"2026-05-10 17:47:00.000",9661.05,GBP,NO,manual_import,79,31
deal_329,account_42,user_254,pipeline_1,stage_1,open,2026-03-30,NULL,"2026-05-09 09:32:00.000",12084.93,DKK,DE,crm_backend,NULL,NULL
deal_330,account_39,user_292,pipeline_5,stage_6,won,2026-03-30,2026-04-14,"2026-03-31 15:25:00.000",10337.89,SEK,NO,integration,14,95
deal_331,account_1,user_361,pipeline_6,stage_6,won,2026-03-30,2026-05-02,"2026-04-25 09:52:00.000",10502.57,EUR,SE,manual_import,33,76
deal_332,account_72,user_197,pipeline_6,stage_6,open,2026-03-30,NULL,"2026-04-07 15:18:00.000",12754.07,GBP,NO,crm_backend,NULL,NULL
deal_333,account_59,user_357,pipeline_7,stage_2,open,2026-03-30,NULL,"2026-04-23 17:07:00.000",42764.07,NOK,DK,integration,NULL,NULL
deal_334,account_5,user_291,pipeline_8,stage_2,open,2026-03-31,NULL,"2026-04-09 23:16:00.000",14802.95,EUR,NL,crm_backend,NULL,NULL
deal_335,account_85,user_343,pipeline_2,stage_6,won,2026-03-31,2026-04-09,"2026-04-09 17:12:00.000",12342.33,EUR,UK,integration,9,99
deal_336,account_38,user_86,pipeline_1,stage_6,won,2026-04-01,2026-04-11,"2026-04-11 13:11:00.000",19994.67,DKK,DK,integration,10,97
deal_337,account_109,user_143,pipeline_5,stage_1,open,2026-04-01,NULL,"2026-04-08 13:13:00.000",13921.58,EUR,FR,manual_import,NULL,NULL
deal_338,account_68,user_17,pipeline_6,stage_4,lost,2026-04-01,2026-07-20,"2026-07-07 09:26:00.000",14923.03,EUR,UK,crm_backend,110,-3
deal_339,account_45,user_28,pipeline_5,stage_2,open,2026-04-01,NULL,"2026-05-01 19:03:00.000",5803.94,EUR,DE,crm_backend,NULL,NULL
deal_340,account_87,user_162,pipeline_1,stage_4,lost,2026-04-02,2026-05-30,"2026-04-24 09:39:00.000",6243.91,DKK,DE,manual_import,58,49
deal_341,account_76,user_395,pipeline_4,stage_3,open,2026-04-02,NULL,"2026-05-07 17:02:00.000",60777.51,EUR,SE,manual_import,NULL,NULL
deal_342,account_4,user_318,pipeline_2,stage_4,lost,2026-04-02,2026-06-20,"2026-04-18 08:58:00.000",4036.64,NOK,UK,manual_import,79,28
deal_343,account_15,user_357,pipeline_3,stage_3,open,2026-04-02,NULL,"2026-05-01 17:02:00.000",12232.31,EUR,FR,crm_backend,NULL,NULL
deal_344,account_50,user_171,pipeline_1,stage_3,lost,2026-04-02,2026-06-06,"2026-05-23 12:24:00.000",5141.31,NOK,SE,manual_import,65,42
deal_345,account_34,user_53,pipeline_1,stage_3,open,2026-04-03,NULL,"2026-04-04 17:43:00.000",4786.25,EUR,UK,integration,NULL,NULL
deal_346,account_66,user_363,pipeline_8,stage_4,open,2026-04-03,NULL,"2026-04-08 01:22:00.000",5710.16,EUR,NL,integration,NULL,NULL
deal_347,account_8,user_324,pipeline_2,stage_6,open,2026-04-03,NULL,"2026-05-02 19:10:00.000",17219.6,DKK,NO,manual_import,NULL,NULL
deal_348,account_114,user_324,pipeline_8,stage_1,open,2026-04-03,NULL,"2026-05-10 15:18:00.000",25294,SEK,DE,crm_backend,NULL,NULL
deal_349,account_101,user_370,pipeline_1,stage_4,open,2026-04-03,NULL,"2026-05-03 00:04:00.000",NULL,EUR,UK,crm_backend,NULL,NULL
deal_350,account_6,user_125,pipeline_3,stage_1,open,2026-04-03,NULL,"2026-04-09 16:01:00.000",10334.71,EUR,NL,manual_import,NULL,NULL
deal_351,account_55,user_173,pipeline_7,stage_3,open,2026-04-03,NULL,"2026-04-23 17:10:00.000",12170.73,EUR,DE,crm_backend,NULL,NULL
deal_352,account_32,user_298,pipeline_1,stage_4,open,2026-04-04,NULL,"2026-04-14 10:32:00.000",20578.1,DKK,DK,integration,NULL,NULL
deal_353,account_61,user_355,pipeline_3,stage_1,open,2026-04-04,NULL,"2026-04-19 14:29:00.000",20136.6,DKK,FR,integration,NULL,NULL
deal_353,account_61,user_355,pipeline_3,stage_1,open,2026-04-04,NULL,"2026-04-19 14:29:00.000",20136.6,DKK,FR,integration,NULL,NULL
deal_354,account_31,user_99,pipeline_2,stage_4,lost,2026-04-04,2026-06-16,"2026-05-03 17:02:00.000",8570.59,EUR,NO,crm_backend,72,32
deal_355,account_61,user_255,pipeline_3,stage_1,open,2026-04-04,NULL,"2026-04-22 14:17:00.000",8216.06,EUR,UK,crm_backend,NULL,NULL
deal_356,account_101,user_15,pipeline_8,stage_5,open,2026-04-04,NULL,"2026-05-12 02:40:00.000",22062.95,EUR,NO,crm_backend,NULL,NULL
deal_357,account_115,user_113,pipeline_2,stage_1,open,2026-04-05,NULL,"2026-04-18 23:47:00.000",5136.73,EUR,DK,crm_backend,NULL,NULL
deal_358,account_73,user_31,pipeline_5,stage_2,open,2026-04-05,NULL,"2026-04-26 14:04:00.000",13636.91,DKK,SE,manual_import,NULL,NULL
deal_359,account_12,user_211,pipeline_8,stage_4,open,2026-04-05,NULL,"2026-05-02 15:53:00.000",5973.98,GBP,NL,crm_backend,NULL,NULL
deal_360,account_61,user_376,pipeline_1,stage_2,open,2026-04-05,NULL,"2026-04-11 22:58:00.000",30252.88,EUR,DK,integration,NULL,NULL
deal_361,account_3,user_246,pipeline_5,stage_6,won,2026-04-05,2026-07-12,"2026-04-09 10:45:00.000",14717.05,NOK,SE,integration,98,5
deal_362,account_111,user_322,pipeline_2,stage_3,lost,2026-04-06,2026-06-02,"2026-05-21 14:34:00.000",14353.15,NOK,NO,manual_import,57,45
deal_363,account_8,user_264,pipeline_6,stage_2,open,2026-04-06,NULL,"2026-04-29 15:07:00.000",5103.21,EUR,DK,crm_backend,NULL,NULL
deal_364,account_97,user_298,pipeline_4,stage_5,open,2026-04-07,NULL,"2026-05-04 16:33:00.000",3653.52,SEK,DE,manual_import,NULL,NULL
deal_365,account_116,user_150,pipeline_8,stage_6,won,2026-04-07,2026-07-22,"2026-05-02 14:16:00.000",13702.84,SEK,DK,crm_backend,106,-4
deal_366,account_90,user_76,pipeline_8,stage_6,won,2026-04-07,2026-06-29,"2026-05-15 10:34:00.000",7998.44,EUR,DE,integration,83,19
deal_367,account_25,user_33,pipeline_1,stage_6,won,2026-04-07,2026-05-22,"2026-05-15 11:57:00.000",7113.51,DKK,UK,manual_import,45,56
deal_368,account_39,user_291,pipeline_3,stage_1,open,2026-04-07,NULL,"2026-04-25 14:01:00.000",4780.06,EUR,NL,integration,NULL,NULL
deal_369,account_91,user_355,pipeline_3,stage_1,open,2026-04-07,NULL,"2026-04-15 18:16:00.000",117209.68,EUR,NL,crm_backend,NULL,NULL
deal_370,account_4,user_208,pipeline_8,stage_6,lost,2026-04-07,2026-07-13,"2026-06-11 10:28:00.000",6975.37,EUR,FR,manual_import,97,4
deal_371,account_117,user_227,pipeline_6,stage_6,won,2026-04-08,2026-04-28,"2026-04-12 09:55:00.000",6696.99,EUR,NO,integration,20,80
deal_372,account_75,user_270,pipeline_4,stage_1,open,2026-04-08,NULL,"2026-05-21 14:13:00.000",14710.07,EUR,NO,manual_import,NULL,NULL
deal_373,account_110,user_219,pipeline_6,stage_1,open,2026-04-08,NULL,"2026-05-07 00:09:00.000",4051.18,NOK,DK,crm_backend,NULL,NULL
deal_374,account_55,user_374,pipeline_7,stage_6,won,2026-04-08,2026-04-29,"2026-04-18 10:22:00.000",8695.36,EUR,NL,integration,21,80
deal_375,account_118,user_140,pipeline_7,stage_3,open,2026-04-08,NULL,"2026-04-16 14:23:00.000",NULL,SEK,FR,manual_import,NULL,NULL
deal_376,account_60,user_115,pipeline_1,stage_2,open,2026-04-08,NULL,"2026-05-18 16:05:00.000",4490.12,SEK,UK,crm_backend,NULL,NULL
deal_377,account_9,user_307,pipeline_6,stage_2,open,2026-04-08,NULL,"2026-05-22 02:02:00.000",14691.1,EUR,DK,crm_backend,NULL,NULL
deal_378,account_113,user_355,pipeline_3,stage_1,open,2026-04-09,NULL,"2026-05-01 14:54:00.000",6478.27,NOK,SE,crm_backend,NULL,NULL
deal_379,account_42,user_162,pipeline_5,stage_3,open,2026-04-09,NULL,"2026-05-16 18:37:00.000",36004.48,EUR,SE,crm_backend,NULL,NULL
deal_380,account_107,user_97,pipeline_2,stage_1,open,2026-04-09,NULL,"2026-04-10 23:18:00.000",7178.52,GBP,NL,integration,NULL,NULL
deal_381,account_96,user_61,pipeline_4,stage_6,won,2026-04-09,2026-05-11,"2026-04-18 10:11:00.000",5518.09,NOK,NO,crm_backend,32,68
deal_382,account_26,user_56,pipeline_1,stage_2,open,2026-04-09,NULL,"2026-04-11 17:52:00.000",11526.7,DKK,SE,crm_backend,NULL,NULL
deal_383,account_109,user_383,pipeline_5,stage_1,open,2026-04-10,NULL,"2026-05-19 22:00:00.000",32149.77,NOK,DK,crm_backend,NULL,NULL
deal_384,account_93,user_51,pipeline_4,stage_6,won,2026-04-10,2026-07-11,"2026-06-06 16:36:00.000",39750.64,EUR,NL,crm_backend,92,6
deal_385,account_41,user_64,pipeline_8,stage_2,open,2026-04-10,NULL,"2026-04-28 19:22:00.000",31897.15,NOK,UK,integration,NULL,NULL
deal_386,account_25,user_36,pipeline_8,stage_6,open,2026-04-11,NULL,"2026-04-17 21:01:00.000",8256.7,EUR,NL,crm_backend,NULL,NULL
deal_387,account_22,user_34,pipeline_6,stage_3,open,2026-04-11,NULL,"2026-04-18 15:21:00.000",13057.31,DKK,DK,manual_import,NULL,NULL
deal_388,account_86,user_309,pipeline_7,stage_1,open,2026-04-11,NULL,"2026-04-18 20:32:00.000",297257.98,EUR,NO,crm_backend,NULL,NULL
deal_389,account_20,user_156,pipeline_2,stage_2,open,2026-04-11,NULL,"2026-05-10 12:44:00.000",6522.76,NOK,NL,manual_import,NULL,NULL
deal_390,account_113,user_61,pipeline_7,stage_2,open,2026-04-11,NULL,"2026-04-13 18:41:00.000",9680,EUR,SE,integration,NULL,NULL
deal_391,account_73,user_346,pipeline_8,stage_3,open,2026-04-12,NULL,"2026-04-23 02:05:00.000",3668.85,DKK,FR,integration,NULL,NULL
deal_392,account_6,user_66,pipeline_6,stage_6,won,2026-04-12,2026-07-21,"2026-05-31 13:57:00.000",4168.2,EUR,UK,crm_backend,100,-4
deal_393,account_11,user_353,pipeline_2,stage_1,open,2026-04-13,NULL,"2026-04-15 21:03:00.000",10893.21,EUR,DE,manual_import,NULL,NULL
deal_394,account_42,user_294,pipeline_2,stage_3,open,2026-04-13,NULL,"2026-05-15 22:07:00.000",4999.53,DKK,FR,crm_backend,NULL,NULL
deal_395,account_37,user_136,pipeline_1,stage_3,lost,2026-04-13,2026-07-20,"2026-07-14 13:04:00.000",30752.28,NOK,DE,integration,98,-2
deal_396,account_84,user_155,pipeline_5,stage_2,open,2026-04-13,NULL,"2026-04-30 00:10:00.000",NULL,NOK,FR,crm_backend,NULL,NULL
deal_397,account_106,user_381,pipeline_8,stage_3,lost,2026-04-13,2026-07-23,"2026-06-25 12:34:00.000",23457.75,EUR,UK,manual_import,101,-6
deal_398,account_53,user_164,pipeline_2,stage_6,won,2026-04-13,2026-05-22,"2026-04-30 11:28:00.000",23566.12,EUR,FR,integration,39,57
deal_399,account_55,user_332,pipeline_1,stage_1,open,2026-04-14,NULL,"2026-05-01 20:49:00.000",5111.82,EUR,FR,crm_backend,NULL,NULL
deal_400,account_9,user_209,pipeline_6,stage_4,open,2026-04-14,NULL,"2026-04-29 11:26:00.000",9851.68,DKK,FR,manual_import,NULL,NULL
deal_401,account_31,user_308,pipeline_2,stage_3,open,2026-04-14,NULL,"2026-04-29 20:33:00.000",11430.29,SEK,NO,integration,NULL,NULL
deal_402,account_15,user_163,pipeline_7,stage_6,open,2026-04-14,NULL,"2026-04-23 22:17:00.000",8702.66,SEK,NO,manual_import,NULL,NULL
deal_403,account_89,user_344,pipeline_4,stage_2,open,2026-04-14,NULL,"2026-05-07 14:23:00.000",240640.57,SEK,DK,crm_backend,NULL,NULL
deal_404,account_27,user_83,pipeline_8,stage_6,won,2026-04-15,2026-06-09,"2026-05-03 13:24:00.000",13397.34,EUR,DE,integration,55,39
deal_405,account_105,user_52,pipeline_3,stage_2,open,2026-04-15,NULL,"2026-05-20 18:01:00.000",13757.88,NOK,SE,crm_backend,NULL,NULL
deal_406,account_41,user_295,pipeline_2,stage_2,open,2026-04-15,NULL,"2026-05-26 12:06:00.000",13163.53,EUR,UK,crm_backend,NULL,NULL
deal_407,account_106,user_168,pipeline_5,stage_2,open,2026-04-15,NULL,"2026-05-09 21:07:00.000",5693.85,DKK,NO,integration,NULL,NULL
deal_408,account_7,user_206,pipeline_7,stage_6,open,2026-04-16,NULL,"2026-05-22 14:26:00.000",3169.38,SEK,DE,crm_backend,NULL,NULL
deal_409,account_111,user_137,pipeline_5,stage_2,open,2026-04-16,NULL,"2026-04-29 21:15:00.000",NULL,GBP,SE,manual_import,NULL,NULL
deal_410,account_75,user_351,pipeline_8,stage_1,open,2026-04-16,NULL,"2026-05-30 16:14:00.000",11242.23,EUR,NO,manual_import,NULL,NULL
deal_411,account_61,user_182,pipeline_1,stage_3,open,2026-04-17,NULL,"2026-05-12 14:24:00.000",27048.07,EUR,DK,integration,NULL,NULL
deal_412,account_68,user_222,pipeline_3,stage_1,open,2026-04-17,NULL,"2026-05-04 18:35:00.000",14114.84,NOK,DK,manual_import,NULL,NULL
deal_413,account_41,user_378,pipeline_8,stage_5,open,2026-04-17,NULL,"2026-05-15 11:28:00.000",10312.09,EUR,NO,integration,NULL,NULL
deal_414,account_72,user_249,pipeline_8,stage_3,open,2026-04-18,NULL,"2026-05-10 17:59:00.000",5444.8,SEK,NL,manual_import,NULL,NULL
deal_415,account_1,user_270,pipeline_3,stage_2,lost,2026-04-18,2026-05-03,"2026-04-19 15:06:00.000",6411.38,EUR,NO,integration,15,75
deal_416,account_107,user_363,pipeline_8,stage_1,open,2026-04-18,NULL,"2026-05-09 16:28:00.000",10874.07,NOK,FR,manual_import,NULL,NULL
deal_417,account_103,user_330,pipeline_5,stage_6,won,2026-04-18,2026-06-30,"2026-04-30 13:30:00.000",30464.87,EUR,FR,crm_backend,73,17
deal_418,account_37,user_332,pipeline_3,stage_4,open,2026-04-18,NULL,"2026-05-07 12:17:00.000",17676.72,EUR,DK,manual_import,NULL,NULL
deal_419,account_55,user_189,pipeline_3,stage_1,open,2026-04-18,NULL,"2026-05-17 19:13:00.000",10771.33,DKK,NO,integration,NULL,NULL
deal_420,account_103,user_245,pipeline_5,stage_4,lost,2026-04-18,2026-05-22,"2026-05-16 10:32:00.000",61313.43,EUR,NO,integration,34,56
deal_421,account_46,user_131,pipeline_2,stage_4,open,2026-04-19,NULL,"2026-04-30 23:17:00.000",3543.1,NOK,FR,manual_import,NULL,NULL
deal_422,account_44,user_96,pipeline_4,stage_6,open,2026-04-19,NULL,"2026-06-01 12:57:00.000",168974.83,EUR,UK,manual_import,NULL,NULL
deal_423,account_80,user_316,pipeline_6,stage_6,won,2026-04-19,2026-05-09,"2026-04-26 14:44:00.000",17051.73,EUR,UK,crm_backend,20,70
deal_424,account_81,user_276,pipeline_4,stage_2,open,2026-04-19,NULL,"2026-04-20 11:27:00.000",16260.55,SEK,NL,crm_backend,NULL,NULL
deal_425,account_7,user_171,pipeline_1,stage_3,open,2026-04-20,NULL,"2026-05-21 19:37:00.000",10150.07,EUR,NL,manual_import,NULL,NULL
deal_426,account_105,user_250,pipeline_4,stage_2,open,2026-04-20,NULL,"2026-04-24 13:36:00.000",13714.53,GBP,DK,integration,NULL,NULL
deal_427,account_37,user_372,pipeline_4,stage_1,open,2026-04-20,NULL,"2026-06-02 21:47:00.000",14060.83,SEK,UK,manual_import,NULL,NULL
deal_428,account_87,user_335,pipeline_6,stage_6,won,2026-04-20,2026-07-11,"2026-05-27 16:03:00.000",30560.15,EUR,DE,crm_backend,82,6
deal_429,account_64,user_156,pipeline_4,stage_6,open,2026-04-20,NULL,"2026-05-06 17:39:00.000",40584.47,EUR,NO,manual_import,NULL,NULL
deal_430,account_34,user_175,pipeline_6,stage_6,won,2026-04-21,2026-08-16,"2026-08-09 08:47:00.000",11281.63,NOK,DE,integration,117,-29
deal_431,account_14,user_313,pipeline_2,stage_1,open,2026-04-21,NULL,"2026-05-04 23:45:00.000",4884.39,NOK,NO,crm_backend,NULL,NULL
deal_432,account_18,user_63,pipeline_4,NULL,lost,2026-04-21,2026-08-08,"2026-06-04 15:29:00.000",13945.23,EUR,UK,manual_import,109,-22
deal_433,account_68,user_216,pipeline_4,stage_6,won,2026-04-21,2026-06-15,"2026-06-15 10:21:00.000",9193.86,EUR,FR,crm_backend,55,32
deal_434,account_9,user_44,pipeline_6,stage_4,open,2026-04-21,NULL,"2026-05-16 13:59:00.000",NULL,DKK,UK,manual_import,NULL,NULL
deal_435,account_52,user_349,pipeline_5,stage_2,lost,2026-04-22,2026-07-01,"2026-06-13 13:21:00.000",23902.09,DKK,UK,integration,70,17
deal_436,account_52,user_398,pipeline_4,stage_2,open,2026-04-22,NULL,"2026-04-30 22:00:00.000",14903.09,EUR,FR,manual_import,NULL,NULL
deal_437,account_102,user_277,pipeline_5,stage_6,won,2026-04-22,2026-06-18,"2026-04-30 12:07:00.000",11783.83,EUR,NO,crm_backend,57,29
deal_438,account_58,user_153,pipeline_1,stage_1,open,2026-04-22,NULL,"2026-05-30 01:23:00.000",11575.77,EUR,DK,integration,NULL,NULL
deal_439,account_74,user_345,pipeline_3,stage_1,open,2026-04-22,NULL,"2026-05-29 17:43:00.000",12874.11,SEK,NO,crm_backend,NULL,NULL
deal_440,account_28,user_229,pipeline_2,stage_2,open,2026-04-23,NULL,"2026-05-18 18:48:00.000",10011.65,GBP,UK,integration,NULL,NULL
deal_441,account_17,user_249,pipeline_8,stage_3,lost,2026-04-23,2026-07-23,"2026-06-21 10:12:00.000",8680.27,EUR,NO,manual_import,91,-5
deal_442,account_48,user_293,pipeline_5,stage_1,open,2026-04-23,NULL,"2026-05-16 13:51:00.000",12123.21,GBP,DK,integration,NULL,NULL
deal_443,account_63,user_2,pipeline_2,stage_5,open,2026-04-23,NULL,"2026-05-29 22:37:00.000",9789.17,NOK,NL,crm_backend,NULL,NULL
deal_444,account_59,user_390,pipeline_8,stage_3,open,2026-04-23,NULL,"2026-06-01 22:38:00.000",NULL,DKK,DE,manual_import,NULL,NULL
deal_445,account_91,user_13,pipeline_5,stage_3,open,2026-04-24,NULL,"2026-06-03 02:48:00.000",29028.69,SEK,NO,manual_import,NULL,NULL
deal_446,account_3,user_141,pipeline_4,stage_6,won,2026-04-24,2026-07-10,"2026-05-05 12:11:00.000",12683.05,EUR,FR,crm_backend,77,7
deal_447,account_4,user_271,pipeline_6,stage_1,open,2026-04-24,NULL,"2026-05-04 19:23:00.000",4728.41,EUR,SE,crm_backend,NULL,NULL
deal_448,account_92,user_30,pipeline_5,stage_1,open,2026-04-25,NULL,"2026-05-11 21:03:00.000",14298.93,DKK,SE,integration,NULL,NULL
deal_449,account_15,user_138,pipeline_1,stage_2,open,2026-04-25,NULL,"2026-05-21 17:24:00.000",40291.14,NOK,UK,crm_backend,NULL,NULL
deal_450,account_109,user_326,pipeline_4,stage_6,open,2026-04-26,NULL,"2026-05-30 17:38:00.000",131744.99,DKK,UK,crm_backend,NULL,NULL
deal_451,account_77,user_129,pipeline_7,stage_6,won,2026-04-26,2026-08-14,"2026-06-02 13:59:00.000",3545.82,EUR,DE,manual_import,110,-28
deal_452,account_36,user_222,pipeline_4,stage_3,lost,2026-04-27,2026-06-12,"2026-06-12 16:36:00.000",33372.54,EUR,NL,integration,46,35
deal_453,account_1,user_312,pipeline_8,stage_4,lost,2026-04-27,2026-08-22,"2026-08-03 08:04:00.000",28476.68,EUR,FR,manual_import,117,-35
deal_454,account_105,user_193,pipeline_6,stage_4,open,2026-04-27,NULL,"2026-04-27 16:43:00.000",8552.31,EUR,DK,manual_import,NULL,NULL
deal_455,account_12,user_315,pipeline_5,stage_2,open,2026-04-27,NULL,"2026-05-14 20:10:00.000",13854.09,SEK,DE,crm_backend,NULL,NULL
deal_456,account_64,user_88,pipeline_4,stage_3,open,2026-04-27,NULL,"2026-06-03 19:50:00.000",45821.65,NOK,DK,crm_backend,NULL,NULL
deal_457,account_89,user_348,pipeline_5,stage_2,lost,2026-04-27,2026-07-25,"2026-06-08 17:33:00.000",8190.58,DKK,DE,integration,89,-8
deal_458,account_29,user_25,pipeline_5,stage_2,open,2026-04-28,NULL,"2026-05-19 16:33:00.000",13561.18,DKK,NO,crm_backend,NULL,NULL
deal_459,account_9,user_321,pipeline_2,stage_4,open,2026-04-28,NULL,"2026-06-07 14:10:00.000",35122.3,SEK,NL,crm_backend,NULL,NULL
deal_460,account_80,user_225,pipeline_2,stage_1,open,2026-04-28,NULL,"2026-04-30 22:03:00.000",6759.35,SEK,DE,crm_backend,NULL,NULL
deal_461,account_9,user_53,pipeline_1,stage_4,open,2026-04-28,NULL,"2026-06-07 00:32:00.000",NULL,EUR,FR,integration,NULL,NULL
deal_462,account_44,user_334,pipeline_1,stage_3,open,2026-04-28,NULL,"2026-04-28 16:53:00.000",10114.64,EUR,DK,integration,NULL,NULL
deal_463,account_24,user_125,pipeline_3,stage_2,open,2026-04-28,NULL,"2026-06-08 14:51:00.000",6734.26,EUR,DK,integration,NULL,NULL
deal_464,account_76,user_337,pipeline_3,stage_4,open,2026-04-28,NULL,"2026-05-01 16:10:00.000",7125.79,EUR,SE,manual_import,NULL,NULL
deal_465,account_77,user_355,pipeline_6,stage_2,open,2026-04-29,NULL,"2026-05-20 20:38:00.000",4258.17,SEK,UK,crm_backend,NULL,NULL
deal_466,account_28,user_123,pipeline_8,stage_6,won,2026-04-29,2026-06-22,"2026-06-21 13:39:00.000",14878.54,EUR,NO,crm_backend,54,26
deal_467,account_75,user_392,pipeline_6,stage_2,lost,2026-04-29,2026-05-30,"2026-05-23 08:44:00.000",5091.41,EUR,SE,integration,31,49
deal_468,account_87,user_71,pipeline_7,stage_1,open,2026-04-29,NULL,"2026-05-22 16:14:00.000",10930.9,SEK,UK,crm_backend,NULL,NULL
deal_469,account_17,user_98,pipeline_4,stage_2,open,2026-04-29,NULL,"2026-06-08 21:15:00.000",14052.16,EUR,SE,integration,NULL,NULL
deal_470,account_112,user_65,pipeline_8,stage_6,won,2026-04-30,2026-08-12,"2026-05-22 11:34:00.000",9103.37,EUR,DE,manual_import,104,-25
deal_471,account_48,user_270,pipeline_8,stage_3,open,2026-04-30,NULL,"2026-06-06 17:03:00.000",5486.4,EUR,DE,integration,NULL,NULL
deal_472,account_48,user_131,pipeline_2,stage_6,won,2026-04-30,2026-07-08,"2026-05-30 10:17:00.000",10007.55,EUR,DE,integration,69,10
deal_473,account_41,user_140,pipeline_7,stage_1,open,2026-04-30,NULL,"2026-05-22 09:49:00.000",6534.21,EUR,SE,crm_backend,NULL,NULL
deal_474,account_26,user_171,pipeline_4,stage_4,open,2026-05-01,NULL,"2026-05-18 16:52:00.000",11467.71,NOK,DK,crm_backend,NULL,NULL
deal_475,account_45,user_207,pipeline_7,NULL,won,2026-05-01,2026-07-27,"2026-05-21 17:53:00.000",44284.09,EUR,NL,manual_import,86,-9
deal_476,account_60,user_175,pipeline_2,stage_6,won,2026-05-01,2026-08-01,"2026-05-28 13:20:00.000",47062.39,SEK,DK,manual_import,92,-15
deal_477,account_44,user_116,pipeline_7,stage_2,open,2026-05-01,NULL,"2026-06-04 20:21:00.000",23942.29,GBP,DK,manual_import,NULL,NULL
deal_478,account_78,user_294,pipeline_7,stage_2,open,2026-05-01,NULL,"2026-05-13 22:36:00.000",4303.66,EUR,NO,manual_import,NULL,NULL
deal_479,account_89,user_309,pipeline_8,stage_1,open,2026-05-01,NULL,"2026-05-19 11:57:00.000",NULL,EUR,SE,integration,NULL,NULL
deal_480,account_15,user_67,pipeline_7,stage_6,won,2026-05-02,2026-08-28,"2026-05-19 16:09:00.000",13445.39,DKK,SE,manual_import,118,-42
deal_481,account_26,user_258,pipeline_8,stage_6,open,2026-05-02,NULL,"2026-05-27 16:54:00.000",9310.28,DKK,UK,crm_backend,NULL,NULL
deal_482,account_59,user_178,pipeline_5,stage_4,open,2026-05-02,NULL,"2026-05-17 17:43:00.000",13799.58,EUR,NL,crm_backend,NULL,NULL
deal_483,account_114,user_81,pipeline_5,stage_5,open,2026-05-03,NULL,"2026-05-17 01:35:00.000",7935.34,NOK,NL,integration,NULL,NULL
deal_484,account_27,user_260,pipeline_1,stage_3,open,2026-05-03,NULL,"2026-06-01 22:23:00.000",NULL,EUR,UK,crm_backend,NULL,NULL
deal_485,account_63,user_237,pipeline_2,stage_1,open,2026-05-03,NULL,"2026-05-11 17:26:00.000",NULL,EUR,DK,crm_backend,NULL,NULL
deal_486,account_86,user_391,pipeline_1,stage_2,open,2026-05-04,NULL,"2026-05-06 21:44:00.000",5594,DKK,UK,manual_import,NULL,NULL
deal_487,account_40,user_228,pipeline_1,stage_2,open,2026-05-04,NULL,"2026-05-19 14:27:00.000",108634.79,DKK,NO,crm_backend,NULL,NULL
deal_488,account_22,user_371,pipeline_3,stage_1,open,2026-05-05,NULL,"2026-06-09 11:59:00.000",10496.08,EUR,NO,integration,NULL,NULL
deal_489,account_84,user_162,pipeline_1,stage_1,open,2026-05-05,NULL,"2026-05-22 20:55:00.000",3527.27,EUR,NO,manual_import,NULL,NULL
deal_490,account_109,user_292,pipeline_3,stage_4,lost,2026-05-05,2026-08-05,"2026-07-31 12:17:00.000",14094.64,EUR,FR,manual_import,92,-19
deal_491,account_62,user_35,pipeline_6,stage_3,open,2026-05-05,NULL,"2026-06-14 12:16:00.000",46164.16,EUR,SE,manual_import,NULL,NULL
deal_492,account_11,user_31,pipeline_3,stage_1,open,2026-05-05,NULL,"2026-06-15 15:01:00.000",5856.77,SEK,SE,integration,NULL,NULL
deal_493,account_6,user_267,pipeline_7,stage_6,won,2026-05-05,2026-08-09,"2026-06-18 12:55:00.000",5906.99,DKK,SE,manual_import,96,-23
deal_494,account_112,user_196,pipeline_6,stage_1,open,2026-05-05,NULL,"2026-05-09 14:24:00.000",3625.28,EUR,NL,crm_backend,NULL,NULL
deal_495,account_60,user_160,pipeline_3,stage_1,open,2026-05-06,NULL,"2026-05-24 21:12:00.000",8379.25,EUR,DK,integration,NULL,NULL
deal_496,account_55,user_259,pipeline_7,stage_6,won,2026-05-06,2026-05-11,"2026-05-10 10:39:00.000",13248.51,DKK,SE,manual_import,5,67
deal_497,account_60,user_157,pipeline_8,stage_3,open,2026-05-06,NULL,"2026-05-14 20:50:00.000",49786.14,EUR,DE,integration,NULL,NULL
deal_498,account_48,user_197,pipeline_8,stage_3,open,2026-05-06,NULL,"2026-05-08 15:22:00.000",7617.91,EUR,FR,manual_import,NULL,NULL
deal_499,account_82,user_353,pipeline_6,stage_5,open,2026-05-06,NULL,"2026-05-21 17:08:00.000",3414.09,DKK,UK,crm_backend,NULL,NULL
deal_500,account_88,user_76,pipeline_5,stage_6,open,2026-05-06,NULL,"2026-05-06 14:12:00.000",12251.67,DKK,NO,manual_import,NULL,NULL
deal_501,account_22,user_219,pipeline_5,stage_2,open,2026-05-06,NULL,"2026-06-12 18:24:00.000",11807.2,EUR,NL,integration,NULL,NULL
deal_502,account_120,user_384,pipeline_7,stage_1,open,2026-05-07,NULL,"2026-05-13 14:26:00.000",12284.92,EUR,SE,integration,NULL,NULL
deal_503,account_63,user_94,pipeline_2,stage_1,open,2026-05-07,NULL,"2026-05-18 18:57:00.000",6112.22,DKK,FR,manual_import,NULL,NULL
deal_504,account_49,user_64,pipeline_5,stage_3,open,2026-05-07,NULL,"2026-06-19 10:48:00.000",3114.08,NOK,NO,crm_backend,NULL,NULL
deal_505,account_78,user_267,pipeline_5,stage_2,open,2026-05-08,NULL,"2026-05-31 22:08:00.000",14993.34,EUR,NO,integration,NULL,NULL
deal_506,account_1,user_234,pipeline_7,stage_1,open,2026-05-08,NULL,"2026-06-21 14:36:00.000",7421.16,EUR,SE,crm_backend,NULL,NULL
deal_507,account_105,user_165,pipeline_1,stage_6,won,2026-05-08,2026-08-13,"2026-08-03 14:08:00.000",8331.67,DKK,NO,integration,97,-27
deal_508,account_120,user_244,pipeline_2,stage_1,open,2026-05-08,NULL,"2026-06-11 00:19:00.000",93008.74,SEK,NL,integration,NULL,NULL
deal_509,account_15,user_247,pipeline_4,stage_4,open,2026-05-08,NULL,"2026-05-13 13:57:00.000",8218.72,SEK,FR,integration,NULL,NULL
deal_510,account_115,user_344,pipeline_2,stage_4,lost,2026-05-09,2026-08-21,"2026-06-07 10:19:00.000",14181.36,DKK,DE,manual_import,104,-34
deal_511,account_84,user_329,pipeline_7,stage_1,open,2026-05-09,NULL,"2026-05-14 17:46:00.000",11886.97,EUR,FR,integration,NULL,NULL
deal_512,account_1,user_160,pipeline_1,stage_2,open,2026-05-09,NULL,"2026-06-01 19:17:00.000",9237.02,EUR,DE,integration,NULL,NULL
deal_513,account_108,user_113,pipeline_8,stage_1,open,2026-05-09,NULL,"2026-06-22 16:21:00.000",10186.56,GBP,UK,manual_import,NULL,NULL
deal_514,account_64,user_150,pipeline_7,stage_3,lost,2026-05-09,2026-06-07,"2026-06-01 09:00:00.000",11828.71,SEK,UK,integration,29,41
deal_515,account_3,user_281,pipeline_7,stage_2,open,2026-05-10,NULL,"2026-06-04 20:25:00.000",3861.88,NOK,NL,integration,NULL,NULL
deal_516,account_102,user_298,pipeline_1,stage_1,open,2026-05-10,NULL,"2026-06-23 21:25:00.000",13280.36,EUR,UK,manual_import,NULL,NULL
deal_517,account_110,user_76,pipeline_7,stage_1,open,2026-05-10,NULL,"2026-06-01 23:22:00.000",20368.17,GBP,UK,manual_import,NULL,NULL
deal_518,account_51,user_251,pipeline_5,stage_2,open,2026-05-11,NULL,"2026-06-22 12:27:00.000",12332.77,DKK,DK,crm_backend,NULL,NULL
deal_519,account_63,user_329,pipeline_4,stage_6,open,2026-05-11,NULL,"2026-06-24 09:59:00.000",33968.06,DKK,NO,integration,NULL,NULL
deal_520,account_102,user_276,pipeline_3,NULL,won,2026-05-11,2026-07-25,"2026-07-18 14:55:00.000",8862.76,NOK,FR,manual_import,74,-7
deal_521,account_115,user_61,pipeline_3,stage_2,open,2026-05-12,NULL,"2026-05-14 13:15:00.000",9900.97,NOK,NO,crm_backend,NULL,NULL
deal_522,account_70,user_88,pipeline_7,stage_1,open,2026-05-12,NULL,"2026-05-30 17:06:00.000",8339.04,GBP,DK,manual_import,NULL,NULL
deal_523,account_13,user_340,pipeline_1,stage_1,open,2026-05-12,NULL,"2026-05-25 14:19:00.000",24517.86,EUR,DK,integration,NULL,NULL
deal_524,account_52,user_234,pipeline_2,stage_5,open,2026-05-12,NULL,"2026-05-25 13:32:00.000",10554.82,NOK,NL,manual_import,NULL,NULL
deal_525,account_21,user_215,pipeline_3,stage_3,lost,2026-05-12,2026-07-31,"2026-05-22 13:23:00.000",6241.5,EUR,DK,manual_import,80,-14
deal_526,account_100,user_140,pipeline_3,stage_1,open,2026-05-12,NULL,"2026-05-26 18:18:00.000",14421.39,SEK,NL,integration,NULL,NULL
deal_527,account_74,user_145,pipeline_5,stage_2,lost,2026-05-12,2026-07-03,"2026-06-04 09:41:00.000",12673.02,DKK,FR,integration,52,15
deal_528,account_88,user_263,pipeline_3,stage_3,open,2026-05-13,NULL,"2026-06-22 16:28:00.000",34720.08,GBP,FR,integration,NULL,NULL
deal_529,account_55,user_267,pipeline_4,stage_1,open,2026-05-13,NULL,"2026-06-02 14:44:00.000",22294.83,EUR,DK,manual_import,NULL,NULL
deal_530,account_55,user_347,pipeline_3,stage_3,open,2026-05-14,NULL,"2026-06-17 18:18:00.000",7865.66,NOK,UK,manual_import,NULL,NULL
deal_531,account_95,user_339,pipeline_1,stage_4,lost,2026-05-14,2026-07-23,"2026-06-06 15:39:00.000",3901.47,GBP,DE,integration,70,-6
deal_532,account_44,user_348,pipeline_4,stage_6,won,2026-05-15,2026-06-24,"2026-06-15 17:12:00.000",21818.32,EUR,DK,manual_import,40,23
deal_533,account_120,user_238,pipeline_8,stage_3,open,2026-05-15,NULL,"2026-06-06 10:47:00.000",3061.85,EUR,DE,crm_backend,NULL,NULL
deal_534,account_53,user_64,pipeline_8,stage_3,open,2026-05-16,NULL,"2026-06-10 14:30:00.000",6591.42,EUR,DE,manual_import,NULL,NULL
deal_535,account_46,user_383,pipeline_7,stage_5,open,2026-05-16,NULL,"2026-05-28 12:56:00.000",3483.08,EUR,SE,integration,NULL,NULL
deal_536,account_16,user_216,pipeline_8,stage_3,open,2026-05-16,NULL,"2026-06-11 01:56:00.000",11711.93,GBP,FR,crm_backend,NULL,NULL
deal_537,account_99,user_351,pipeline_4,stage_2,open,2026-05-17,NULL,"2026-05-17 16:17:00.000",8762.32,DKK,UK,manual_import,NULL,NULL
deal_538,account_15,user_135,pipeline_4,stage_3,open,2026-05-17,NULL,"2026-06-30 23:53:00.000",37583.73,EUR,DE,crm_backend,NULL,NULL
deal_539,account_55,user_10,pipeline_4,stage_6,won,2026-05-18,2026-07-27,"2026-06-17 09:33:00.000",5661.3,EUR,NO,integration,70,-9
deal_540,account_45,user_365,pipeline_7,stage_1,open,2026-05-18,NULL,"2026-05-21 17:41:00.000",5543.73,EUR,DE,integration,NULL,NULL
deal_541,account_86,user_7,pipeline_3,stage_4,open,2026-05-18,NULL,"2026-06-24 22:40:00.000",22460.52,EUR,UK,manual_import,NULL,NULL
deal_542,account_105,user_98,pipeline_4,stage_2,lost,2026-05-19,2026-07-04,"2026-06-19 15:36:00.000",292674.49,DKK,DK,manual_import,46,13
deal_543,account_58,user_323,pipeline_2,stage_2,open,2026-05-19,NULL,"2026-06-20 15:48:00.000",5003.22,GBP,NO,manual_import,NULL,NULL
deal_544,account_64,user_351,pipeline_2,stage_2,open,2026-05-19,NULL,"2026-06-12 17:39:00.000",15522.52,EUR,FR,manual_import,NULL,NULL
deal_545,account_68,user_133,pipeline_5,stage_1,open,2026-05-19,NULL,"2026-06-02 12:31:00.000",9402.79,EUR,SE,integration,NULL,NULL
deal_546,account_32,user_108,pipeline_2,stage_3,open,2026-05-19,NULL,"2026-06-08 09:26:00.000",14357.13,SEK,DK,integration,NULL,NULL
deal_547,account_2,user_183,pipeline_4,stage_6,open,2026-05-19,NULL,"2026-06-25 14:34:00.000",11671.23,DKK,NL,manual_import,NULL,NULL
deal_548,account_42,user_138,pipeline_4,stage_5,open,2026-05-19,NULL,"2026-06-16 21:52:00.000",11757.74,EUR,DE,crm_backend,NULL,NULL
deal_549,account_63,user_374,pipeline_3,stage_1,open,2026-05-20,NULL,"2026-06-14 16:00:00.000",8100.59,EUR,NL,crm_backend,NULL,NULL
deal_550,account_78,user_52,pipeline_7,stage_4,open,2026-05-20,NULL,"2026-06-30 15:17:00.000",4586.15,DKK,FR,crm_backend,NULL,NULL
deal_551,account_95,user_174,pipeline_2,stage_4,open,2026-05-20,NULL,"2026-05-30 16:41:00.000",11446.79,EUR,FR,crm_backend,NULL,NULL
deal_552,account_66,user_213,pipeline_3,stage_2,lost,2026-05-20,2026-06-10,"2026-06-10 08:01:00.000",6442.15,DKK,UK,crm_backend,21,38
deal_553,account_29,user_53,pipeline_5,stage_2,open,2026-05-20,NULL,"2026-05-25 14:49:00.000",28980.09,EUR,UK,manual_import,NULL,NULL
deal_554,account_45,user_54,pipeline_5,stage_5,open,2026-05-20,NULL,"2026-07-04 17:49:00.000",12466.27,EUR,SE,integration,NULL,NULL
deal_555,account_105,user_35,pipeline_2,stage_3,open,2026-05-21,NULL,"2026-06-10 20:01:00.000",5182.47,DKK,DE,manual_import,NULL,NULL
deal_556,account_103,user_335,pipeline_4,stage_2,open,2026-05-21,NULL,"2026-06-24 23:41:00.000",12856.85,DKK,UK,manual_import,NULL,NULL
deal_557,account_47,user_2,pipeline_4,stage_2,open,2026-05-21,NULL,"2026-05-28 09:18:00.000",13936.34,EUR,DE,crm_backend,NULL,NULL
deal_558,account_120,user_216,pipeline_4,stage_6,won,2026-05-21,2026-06-10,"2026-05-26 11:35:00.000",29457.65,NOK,UK,manual_import,20,38
deal_559,account_112,user_81,pipeline_1,stage_1,open,2026-05-21,NULL,"2026-06-26 17:36:00.000",16111.3,EUR,DE,manual_import,NULL,NULL
deal_560,account_2,user_147,pipeline_2,stage_3,open,2026-05-22,NULL,"2026-06-02 19:14:00.000",4924.19,EUR,UK,integration,NULL,NULL
deal_561,account_91,user_117,pipeline_7,stage_1,open,2026-05-22,NULL,"2026-05-30 14:16:00.000",19361.65,DKK,NO,manual_import,NULL,NULL
deal_562,account_83,user_208,pipeline_7,stage_2,open,2026-05-22,NULL,"2026-06-08 12:39:00.000",4252.8,EUR,SE,manual_import,NULL,NULL
deal_563,account_2,user_388,pipeline_5,stage_3,open,2026-05-22,NULL,"2026-06-08 12:39:00.000",14719.96,EUR,DK,crm_backend,NULL,NULL
deal_564,account_46,user_385,pipeline_5,stage_2,open,2026-05-22,NULL,"2026-06-13 16:59:00.000",28787.95,NOK,SE,crm_backend,NULL,NULL
deal_565,account_76,user_20,pipeline_5,stage_2,open,2026-05-22,NULL,"2026-05-27 14:42:00.000",13612.82,EUR,NL,manual_import,NULL,NULL
deal_566,account_67,user_394,pipeline_6,stage_6,won,2026-05-22,2026-07-10,"2026-05-25 15:38:00.000",13688.16,EUR,NL,manual_import,49,7
deal_567,account_64,user_50,pipeline_1,stage_6,won,2026-05-23,2026-09-14,"2026-07-26 10:26:00.000",4129.37,EUR,DK,manual_import,114,-58
deal_568,account_23,user_364,pipeline_8,stage_6,lost,2026-05-23,2026-07-21,"2026-05-31 12:24:00.000",14660.17,EUR,DE,manual_import,59,-3
deal_569,account_47,user_263,pipeline_6,stage_2,open,2026-05-23,NULL,"2026-07-05 15:05:00.000",10447.36,SEK,NO,crm_backend,NULL,NULL
deal_570,account_21,user_292,pipeline_7,stage_5,open,2026-05-23,NULL,"2026-06-14 17:11:00.000",8621.86,EUR,NO,integration,NULL,NULL
deal_571,account_43,user_34,pipeline_6,stage_3,lost,2026-05-23,2026-07-25,"2026-06-10 13:50:00.000",8454.94,EUR,SE,integration,63,-7
deal_572,account_100,user_195,pipeline_1,stage_6,won,2026-05-23,2026-06-22,"2026-05-30 14:10:00.000",13416.25,EUR,UK,crm_backend,30,26
deal_573,account_52,user_42,pipeline_5,stage_6,won,2026-05-23,2026-08-19,"2026-06-16 15:42:00.000",48677.93,NOK,SE,crm_backend,88,-33
deal_574,account_69,user_353,pipeline_3,stage_3,open,2026-05-24,NULL,"2026-05-25 01:01:00.000",12396.87,DKK,DK,manual_import,NULL,NULL
deal_575,account_96,user_378,pipeline_6,stage_2,open,2026-05-24,NULL,"2026-06-13 10:10:00.000",12504.2,GBP,FR,crm_backend,NULL,NULL
deal_576,account_75,user_50,pipeline_1,stage_6,won,2026-05-24,2026-08-24,"2026-06-15 11:43:00.000",20671.88,DKK,NO,integration,92,-38
deal_577,account_115,user_158,pipeline_2,stage_2,open,2026-05-24,NULL,"2026-06-16 01:46:00.000",8110.19,EUR,DK,crm_backend,NULL,NULL
deal_578,account_56,user_196,pipeline_5,stage_3,open,2026-05-24,NULL,"2026-05-30 16:56:00.000",39585.85,EUR,FR,manual_import,NULL,NULL
deal_579,account_65,user_298,pipeline_1,stage_6,won,2026-05-25,2026-09-04,"2026-08-04 12:56:00.000",20249.6,GBP,DE,integration,102,-49
deal_580,account_101,user_380,pipeline_7,stage_5,lost,2026-05-25,2026-07-01,"2026-06-14 08:07:00.000",13061.81,EUR,DE,crm_backend,37,17
deal_581,account_105,user_266,pipeline_6,stage_3,open,2026-05-25,NULL,"2026-06-29 20:23:00.000",5311.92,DKK,SE,manual_import,NULL,NULL
deal_582,account_52,user_163,pipeline_3,stage_3,open,2026-05-25,NULL,"2026-06-02 01:17:00.000",12411.38,DKK,DK,crm_backend,NULL,NULL
deal_583,account_2,user_322,pipeline_3,stage_2,open,2026-05-25,NULL,"2026-06-30 14:59:00.000",3303.48,NOK,SE,crm_backend,NULL,NULL
deal_584,account_69,user_126,pipeline_7,stage_1,open,2026-05-26,NULL,"2026-07-05 12:49:00.000",10660.64,DKK,NO,crm_backend,NULL,NULL
deal_585,account_12,user_40,pipeline_8,stage_2,lost,2026-05-26,2026-09-07,"2026-07-18 14:10:00.000",3882.91,DKK,DE,integration,104,-51
deal_586,account_21,user_93,pipeline_5,stage_4,lost,2026-05-26,2026-09-15,"2026-06-11 08:10:00.000",14710.99,DKK,NL,crm_backend,112,-59
deal_587,account_25,user_311,pipeline_1,stage_2,open,2026-05-27,NULL,"2026-06-19 19:05:00.000",25448.86,EUR,DK,integration,NULL,NULL
deal_588,account_91,user_283,pipeline_5,stage_6,won,2026-05-27,2026-08-03,"2026-06-21 15:58:00.000",21694.58,GBP,NO,manual_import,68,-17
deal_589,account_102,user_106,pipeline_8,stage_3,lost,2026-05-28,2026-09-12,"2026-08-16 15:23:00.000",4290.71,EUR,UK,crm_backend,107,-57
deal_590,account_66,user_130,pipeline_7,stage_5,open,2026-05-28,NULL,"2026-06-30 19:00:00.000",27404.71,EUR,SE,manual_import,NULL,NULL
deal_591,account_41,user_63,pipeline_1,stage_3,open,2026-05-28,NULL,"2026-07-03 18:55:00.000",13784.93,EUR,NO,manual_import,NULL,NULL
deal_592,account_10,user_294,pipeline_7,stage_2,open,2026-05-29,NULL,"2026-06-29 23:55:00.000",3561.5,DKK,NL,integration,NULL,NULL
deal_593,account_3,user_330,pipeline_1,stage_4,open,2026-05-29,NULL,"2026-07-03 00:52:00.000",3469.44,NOK,UK,integration,NULL,NULL
deal_594,account_52,user_41,pipeline_6,stage_2,open,2026-05-29,NULL,"2026-06-28 00:50:00.000",13184.07,DKK,NO,crm_backend,NULL,NULL
deal_595,account_14,user_166,pipeline_7,stage_1,open,2026-05-29,NULL,"2026-06-21 21:01:00.000",14874.78,NOK,NO,crm_backend,NULL,NULL
deal_596,account_43,user_353,pipeline_7,stage_5,open,2026-05-29,NULL,"2026-06-05 14:45:00.000",20224.92,DKK,UK,crm_backend,NULL,NULL
deal_597,account_62,user_339,pipeline_8,stage_4,open,2026-05-29,NULL,"2026-06-14 17:50:00.000",11536.58,DKK,FR,crm_backend,NULL,NULL
deal_598,account_64,user_31,pipeline_4,stage_2,open,2026-05-29,NULL,"2026-06-29 10:00:00.000",7085.4,EUR,DK,manual_import,NULL,NULL
deal_599,account_14,user_67,pipeline_4,stage_2,open,2026-05-30,NULL,"2026-06-11 21:01:00.000",5255.44,SEK,UK,crm_backend,NULL,NULL
deal_600,account_96,user_57,pipeline_4,stage_2,lost,2026-05-30,2026-08-25,"2026-07-27 08:16:00.000",20773.01,EUR,DE,manual_import,87,-39
deal_601,account_57,user_140,pipeline_6,stage_2,open,2026-05-30,NULL,"2026-06-11 14:41:00.000",11547.76,EUR,NO,manual_import,NULL,NULL
deal_602,account_15,user_28,pipeline_1,stage_1,open,2026-05-30,NULL,"2026-06-14 00:43:00.000",25687.71,EUR,FR,crm_backend,NULL,NULL
deal_603,account_77,user_148,pipeline_1,stage_5,open,2026-05-30,NULL,"2026-06-18 13:40:00.000",5042.79,EUR,NO,manual_import,NULL,NULL
deal_604,account_23,user_136,pipeline_2,stage_5,open,2026-05-30,NULL,"2026-06-29 20:51:00.000",NULL,EUR,UK,integration,NULL,NULL
deal_605,account_97,user_76,pipeline_2,stage_4,open,2026-05-31,NULL,"2026-06-22 19:00:00.000",NULL,EUR,UK,integration,NULL,NULL
deal_606,account_110,user_306,pipeline_8,stage_2,open,2026-05-31,NULL,"2026-06-09 16:55:00.000",13275.19,EUR,UK,manual_import,NULL,NULL
deal_607,account_96,user_46,pipeline_4,stage_6,open,2026-05-31,NULL,"2026-07-13 23:43:00.000",13790.66,EUR,UK,integration,NULL,NULL
deal_608,account_36,user_159,pipeline_4,stage_3,open,2026-06-01,NULL,"2026-06-08 16:05:00.000",12543.99,EUR,NO,integration,NULL,NULL
deal_609,account_88,user_77,pipeline_5,stage_2,open,2026-06-01,NULL,"2026-06-19 17:46:00.000",30099.87,EUR,DK,manual_import,NULL,NULL
deal_610,account_18,user_180,pipeline_5,stage_4,open,2026-06-01,NULL,"2026-06-06 21:11:00.000",4711.73,EUR,NO,integration,NULL,NULL
deal_611,account_87,user_327,pipeline_7,stage_5,open,2026-06-01,NULL,"2026-06-20 20:30:00.000",5079.62,EUR,FR,crm_backend,NULL,NULL
deal_612,account_26,user_155,pipeline_5,stage_5,open,2026-06-01,NULL,"2026-06-12 15:51:00.000",12388.87,DKK,NL,manual_import,NULL,NULL
deal_613,account_60,user_216,pipeline_7,stage_3,open,2026-06-02,NULL,"2026-06-28 17:22:00.000",12070.28,EUR,SE,manual_import,NULL,NULL
deal_614,account_38,user_28,pipeline_7,stage_1,open,2026-06-02,NULL,"2026-07-05 17:59:00.000",28433.78,DKK,FR,integration,NULL,NULL
deal_615,account_111,user_32,pipeline_2,stage_4,open,2026-06-02,NULL,"2026-06-16 02:46:00.000",4729.82,DKK,FR,crm_backend,NULL,NULL
deal_616,account_120,user_4,pipeline_8,stage_1,open,2026-06-02,NULL,"2026-06-09 20:17:00.000",11173.27,EUR,NO,integration,NULL,NULL
deal_617,account_105,user_121,pipeline_5,stage_6,won,2026-06-02,2026-07-30,"2026-07-13 15:29:00.000",10958.12,EUR,UK,manual_import,58,-13
deal_618,account_86,user_52,pipeline_8,stage_2,open,2026-06-03,NULL,"2026-06-09 22:11:00.000",58303.38,EUR,DK,crm_backend,NULL,NULL
deal_619,account_80,user_228,pipeline_1,stage_3,lost,2026-06-03,2026-07-11,"2026-06-14 14:03:00.000",7292.97,EUR,UK,manual_import,38,7
deal_620,account_84,user_78,pipeline_6,stage_3,open,2026-06-03,NULL,"2026-06-20 22:46:00.000",50670.46,DKK,SE,manual_import,NULL,NULL
deal_621,account_85,user_270,pipeline_5,stage_3,open,2026-06-03,NULL,"2026-07-10 17:05:00.000",12698.46,EUR,UK,integration,NULL,NULL
deal_622,account_102,user_122,pipeline_2,stage_6,won,2026-06-04,2026-07-30,"2026-06-08 10:58:00.000",37410.11,NOK,NL,manual_import,56,-12
deal_623,account_42,user_56,pipeline_8,stage_3,open,2026-06-04,NULL,"2026-06-16 18:44:00.000",8893.24,EUR,NL,crm_backend,NULL,NULL
deal_624,account_86,user_50,pipeline_4,stage_6,won,2026-06-04,2026-07-23,"2026-07-11 08:34:00.000",18766.75,SEK,UK,manual_import,49,-5
deal_625,account_74,user_243,pipeline_6,stage_3,open,2026-06-04,NULL,"2026-06-08 21:34:00.000",8130.14,NOK,DK,crm_backend,NULL,NULL
deal_626,account_77,user_277,pipeline_6,stage_5,open,2026-06-04,NULL,"2026-06-20 15:02:00.000",42081.49,DKK,FR,manual_import,NULL,NULL
deal_627,account_52,user_317,pipeline_1,stage_1,open,2026-06-04,NULL,"2026-06-20 17:49:00.000",3387.3,EUR,SE,manual_import,NULL,NULL
deal_628,account_97,user_340,pipeline_1,stage_4,open,2026-06-04,NULL,"2026-07-13 12:37:00.000",18165.67,SEK,DE,crm_backend,NULL,NULL
deal_629,account_64,user_260,pipeline_4,stage_2,open,2026-06-05,NULL,"2026-06-19 14:19:00.000",48968.19,EUR,UK,manual_import,NULL,NULL
deal_630,account_49,user_357,pipeline_3,stage_6,won,2026-06-05,2026-06-22,"2026-06-09 15:20:00.000",13765.76,EUR,DE,crm_backend,17,25
deal_631,account_30,user_212,pipeline_1,stage_6,won,2026-06-06,2026-06-16,"2026-06-07 08:15:00.000",7274.98,DKK,SE,integration,10,32
deal_632,account_85,user_63,pipeline_2,stage_2,open,2026-06-06,NULL,"2026-06-28 13:03:00.000",8322.5,SEK,SE,manual_import,NULL,NULL
deal_633,account_65,user_54,pipeline_1,stage_4,lost,2026-06-07,2026-07-15,"2026-06-21 13:54:00.000",13944.59,EUR,NL,crm_backend,38,3
deal_634,account_101,user_73,pipeline_1,stage_3,open,2026-06-07,NULL,"2026-06-14 12:21:00.000",19725.49,EUR,DK,manual_import,NULL,NULL
deal_635,account_49,user_197,pipeline_8,stage_2,open,2026-06-07,NULL,"2026-07-11 09:38:00.000",37226.26,NOK,DK,integration,NULL,NULL
deal_636,account_97,user_15,pipeline_6,stage_6,won,2026-06-07,2026-09-12,"2026-06-21 15:24:00.000",9639.53,EUR,NL,integration,97,-56
deal_637,account_99,user_266,pipeline_5,stage_3,lost,2026-06-07,2026-07-10,"2026-06-08 10:46:00.000",6368.4,GBP,FR,manual_import,33,8
deal_638,account_5,user_316,pipeline_5,stage_1,open,2026-06-07,NULL,"2026-07-15 14:22:00.000",4491.68,EUR,DE,crm_backend,NULL,NULL
deal_639,account_62,user_327,pipeline_4,stage_5,open,2026-06-08,NULL,"2026-07-18 00:22:00.000",13194.9,SEK,SE,crm_backend,NULL,NULL
deal_640,account_80,user_336,pipeline_1,stage_1,open,2026-06-08,NULL,"2026-07-06 21:51:00.000",6808.01,GBP,DK,crm_backend,NULL,NULL
deal_641,account_46,user_277,pipeline_1,stage_1,open,2026-06-08,NULL,"2026-07-10 13:19:00.000",5843.74,EUR,UK,integration,NULL,NULL
deal_642,account_42,user_311,pipeline_6,stage_5,lost,2026-06-08,2026-07-18,"2026-06-19 13:43:00.000",7419.62,DKK,NO,manual_import,40,0
deal_643,account_100,user_380,pipeline_6,stage_3,open,2026-06-09,NULL,"2026-06-18 18:10:00.000",12151.34,GBP,NL,manual_import,NULL,NULL
deal_644,account_94,user_215,pipeline_2,stage_6,won,2026-06-09,2026-09-05,"2026-08-15 17:00:00.000",8292.21,EUR,SE,integration,87,-49
deal_645,account_47,user_119,pipeline_8,stage_6,won,2026-06-09,2026-07-12,"2026-07-06 13:22:00.000",7342.57,SEK,UK,integration,33,5
deal_646,account_54,user_118,pipeline_3,stage_5,open,2026-06-09,NULL,"2026-07-21 19:31:00.000",10266.55,EUR,NL,crm_backend,NULL,NULL
deal_647,account_99,user_102,pipeline_3,stage_1,open,2026-06-09,NULL,"2026-07-14 23:45:00.000",18886.34,GBP,SE,manual_import,NULL,NULL
deal_648,account_116,user_217,pipeline_6,stage_3,open,2026-06-09,NULL,"2026-06-16 15:54:00.000",13769.12,GBP,NO,crm_backend,NULL,NULL
deal_649,account_58,user_210,pipeline_8,stage_2,open,2026-06-09,NULL,"2026-06-21 00:07:00.000",4005.47,DKK,DE,integration,NULL,NULL
deal_650,account_36,user_396,pipeline_2,stage_2,open,2026-06-10,NULL,"2026-07-13 21:50:00.000",9098.73,NOK,SE,crm_backend,NULL,NULL
deal_651,account_94,user_108,pipeline_7,stage_5,open,2026-06-10,NULL,"2026-07-02 21:42:00.000",4987.11,EUR,DK,manual_import,NULL,NULL
deal_652,account_86,user_143,pipeline_3,stage_4,open,2026-06-10,NULL,"2026-06-11 10:18:00.000",NULL,SEK,NO,integration,NULL,NULL
deal_653,account_74,user_219,pipeline_8,stage_2,open,2026-06-10,NULL,"2026-07-25 18:55:00.000",8332.86,GBP,UK,manual_import,NULL,NULL
deal_654,account_11,user_382,pipeline_4,stage_2,open,2026-06-10,NULL,"2026-07-20 18:01:00.000",NULL,EUR,UK,manual_import,NULL,NULL
deal_655,account_85,user_321,pipeline_1,stage_3,open,2026-06-10,NULL,"2026-06-24 11:28:00.000",21856.41,EUR,NO,manual_import,NULL,NULL
deal_656,account_56,user_35,pipeline_8,stage_3,open,2026-06-11,NULL,"2026-07-25 22:00:00.000",10360.54,EUR,SE,integration,NULL,NULL
deal_657,account_86,user_249,pipeline_8,stage_2,open,2026-06-11,NULL,"2026-06-25 16:36:00.000",14555.03,EUR,SE,manual_import,NULL,NULL
deal_658,account_85,user_59,pipeline_6,stage_6,won,2026-06-12,2026-08-15,"2026-08-04 14:47:00.000",24403.12,SEK,DE,crm_backend,64,-29
deal_659,account_87,user_163,pipeline_7,stage_6,won,2026-06-12,2026-07-18,"2026-06-30 14:40:00.000",197446.11,EUR,SE,manual_import,36,0
deal_660,account_79,user_313,pipeline_6,stage_1,open,2026-06-12,NULL,"2026-07-06 11:44:00.000",12365.2,EUR,NO,manual_import,NULL,NULL
deal_661,account_21,user_275,pipeline_7,stage_1,open,2026-06-12,NULL,"2026-07-08 15:34:00.000",14781.71,EUR,NL,integration,NULL,NULL
deal_662,account_39,user_13,pipeline_4,stage_4,open,2026-06-13,NULL,"2026-07-07 19:03:00.000",4574.32,EUR,UK,manual_import,NULL,NULL
deal_663,account_2,user_381,pipeline_3,stage_6,won,2026-06-13,2026-07-10,"2026-07-09 09:37:00.000",43857.38,EUR,DK,manual_import,27,8
deal_664,account_55,user_48,pipeline_4,stage_2,open,2026-06-13,NULL,"2026-07-17 23:34:00.000",16278.27,EUR,NO,integration,NULL,NULL
deal_665,account_51,user_395,pipeline_4,stage_3,open,2026-06-13,NULL,"2026-07-04 18:04:00.000",12716.17,SEK,DE,manual_import,NULL,NULL
deal_666,account_108,user_243,pipeline_4,stage_6,won,2026-06-14,2026-07-26,"2026-06-24 09:00:00.000",3438.12,SEK,DK,manual_import,42,-8
deal_667,account_63,user_280,pipeline_8,stage_2,lost,2026-06-14,2026-08-17,"2026-06-25 13:20:00.000",14054.76,EUR,NO,crm_backend,64,-31
deal_668,account_26,user_225,pipeline_2,stage_3,lost,2026-06-14,2026-08-23,"2026-07-02 08:39:00.000",11987.92,EUR,DE,integration,70,-37
deal_669,account_35,user_268,pipeline_6,stage_1,open,2026-06-14,NULL,"2026-07-27 17:49:00.000",12633.76,EUR,SE,integration,NULL,NULL
deal_670,account_110,user_70,pipeline_3,stage_6,won,2026-06-14,2026-07-28,"2026-06-26 16:56:00.000",18940.23,EUR,UK,crm_backend,43,-10
deal_671,account_8,user_320,pipeline_8,stage_3,open,2026-06-14,NULL,"2026-07-06 10:54:00.000",14134.55,DKK,DK,integration,NULL,NULL
deal_672,account_72,user_278,pipeline_4,stage_1,open,2026-06-15,NULL,"2026-06-26 13:48:00.000",27395.55,DKK,FR,manual_import,NULL,NULL
deal_673,account_95,user_316,pipeline_8,stage_4,open,2026-06-15,NULL,"2026-06-20 14:04:00.000",25435.78,EUR,FR,integration,NULL,NULL
deal_674,account_39,user_257,pipeline_2,stage_2,open,2026-06-15,NULL,"2026-07-15 18:09:00.000",6741.14,SEK,SE,manual_import,NULL,NULL
deal_675,account_108,user_224,pipeline_8,stage_1,open,2026-06-15,NULL,"2026-07-12 22:17:00.000",5136.15,EUR,DE,crm_backend,NULL,NULL
deal_676,account_49,user_192,pipeline_3,stage_2,open,2026-06-16,NULL,"2026-07-23 13:27:00.000",6941.42,EUR,DK,crm_backend,NULL,NULL
deal_677,account_51,user_23,pipeline_5,stage_6,open,2026-06-16,NULL,"2026-07-31 20:42:00.000",14966.78,SEK,FR,manual_import,NULL,NULL
deal_678,account_4,user_314,pipeline_3,stage_6,won,2026-06-16,2026-08-11,"2026-06-20 11:01:00.000",8320.54,SEK,DK,crm_backend,56,-24
deal_679,account_108,user_345,pipeline_6,stage_4,lost,2026-06-17,2026-08-25,"2026-08-08 10:53:00.000",7996.54,EUR,FR,manual_import,69,-38
deal_680,account_23,user_228,pipeline_1,stage_3,open,2026-06-17,NULL,"2026-07-27 12:45:00.000",6733.97,SEK,NO,manual_import,NULL,NULL
deal_681,account_118,user_47,pipeline_3,stage_3,open,2026-06-17,NULL,"2026-06-27 09:38:00.000",5610.31,EUR,FR,manual_import,NULL,NULL
deal_682,account_25,user_383,pipeline_3,stage_3,open,2026-06-17,NULL,"2026-06-25 22:55:00.000",13373.55,EUR,UK,integration,NULL,NULL
deal_683,account_47,user_179,pipeline_8,stage_4,open,2026-06-18,NULL,"2026-07-22 20:36:00.000",5527.95,NOK,SE,integration,NULL,NULL
deal_684,account_107,user_381,pipeline_5,stage_1,open,2026-06-18,NULL,"2026-07-04 10:04:00.000",14063.03,EUR,DK,integration,NULL,NULL
deal_685,account_116,user_18,pipeline_6,NULL,open,2026-06-18,NULL,"2026-07-14 17:53:00.000",7016.55,EUR,DE,manual_import,NULL,NULL
deal_686,account_104,user_316,pipeline_8,stage_4,open,2026-06-18,NULL,"2026-07-03 22:07:00.000",11680.47,EUR,SE,manual_import,NULL,NULL
deal_687,account_35,user_296,pipeline_7,stage_1,open,2026-06-18,NULL,"2026-07-26 17:25:00.000",5381.55,EUR,NO,crm_backend,NULL,NULL
deal_688,account_103,user_178,pipeline_8,stage_1,open,2026-06-18,NULL,"2026-06-29 19:53:00.000",24382.24,EUR,NL,integration,NULL,NULL
deal_689,account_88,user_202,pipeline_4,stage_4,open,2026-06-19,NULL,"2026-06-25 22:39:00.000",4542.03,SEK,FR,manual_import,NULL,NULL
deal_690,account_51,user_274,pipeline_2,stage_4,open,2026-06-19,NULL,"2026-07-03 16:57:00.000",12214.13,DKK,FR,integration,NULL,NULL
deal_691,account_18,user_256,pipeline_4,stage_2,open,2026-06-19,NULL,"2026-07-30 11:49:00.000",8108.54,EUR,DE,crm_backend,NULL,NULL
deal_692,account_107,user_55,pipeline_8,stage_4,open,2026-06-19,NULL,"2026-07-14 09:36:00.000",NULL,DKK,UK,integration,NULL,NULL
deal_693,account_55,user_133,pipeline_2,stage_4,open,2026-06-19,NULL,"2026-07-23 21:54:00.000",11111.27,EUR,NO,integration,NULL,NULL
deal_694,account_34,user_102,pipeline_8,stage_1,open,2026-06-19,NULL,"2026-07-20 23:16:00.000",7405.25,EUR,DK,crm_backend,NULL,NULL
deal_695,account_54,user_9,pipeline_8,stage_1,open,2026-06-20,NULL,"2026-06-22 22:36:00.000",20289.11,DKK,DE,integration,NULL,NULL
deal_696,account_80,user_125,pipeline_8,stage_2,open,2026-06-20,NULL,"2026-07-30 10:24:00.000",7582.96,NOK,DE,integration,NULL,NULL
deal_697,account_84,user_381,pipeline_2,stage_5,lost,2026-06-20,2026-08-01,"2026-07-25 15:23:00.000",46343.59,EUR,FR,integration,41,-14
deal_698,account_24,user_142,pipeline_1,stage_4,lost,2026-06-20,2026-08-14,"2026-06-22 14:48:00.000",12384.61,EUR,FR,manual_import,55,-28
deal_699,account_91,user_167,pipeline_4,stage_3,open,2026-06-21,NULL,"2026-07-20 16:15:00.000",10617.27,EUR,DK,integration,NULL,NULL
deal_700,account_60,user_381,pipeline_8,stage_1,open,2026-06-21,NULL,"2026-07-16 12:08:00.000",10928.38,GBP,NO,crm_backend,NULL,NULL
deal_701,account_38,user_385,pipeline_6,stage_1,open,2026-06-22,NULL,"2026-07-02 21:42:00.000",9778.71,EUR,UK,integration,NULL,NULL
deal_702,account_69,user_68,pipeline_7,stage_1,open,2026-06-22,NULL,"2026-07-28 15:02:00.000",17713.14,EUR,FR,crm_backend,NULL,NULL
deal_703,account_41,user_395,pipeline_6,stage_3,open,2026-06-22,NULL,"2026-08-01 15:13:00.000",9027.66,NOK,DK,integration,NULL,NULL
deal_704,account_52,user_148,pipeline_1,stage_6,won,2026-06-22,2026-09-16,"2026-07-05 17:05:00.000",7600.24,EUR,UK,crm_backend,86,-61
deal_705,account_65,user_42,pipeline_7,stage_1,open,2026-06-23,NULL,"2026-07-23 09:56:00.000",43314.87,EUR,SE,crm_backend,NULL,NULL
deal_706,account_31,user_90,pipeline_8,stage_1,open,2026-06-23,NULL,"2026-07-06 21:15:00.000",25671.78,GBP,NL,manual_import,NULL,NULL
deal_707,account_43,user_82,pipeline_4,stage_6,won,2026-06-23,2026-09-29,"2026-09-19 15:53:00.000",11122.47,SEK,NO,integration,98,-73
deal_708,account_69,user_62,pipeline_1,stage_3,open,2026-06-23,NULL,"2026-07-18 16:09:00.000",7360.48,EUR,NO,crm_backend,NULL,NULL
deal_709,account_106,user_297,pipeline_2,stage_3,open,2026-06-23,NULL,"2026-07-08 19:07:00.000",17143.26,EUR,SE,integration,NULL,NULL
deal_710,account_43,user_231,pipeline_5,stage_1,open,2026-06-23,NULL,"2026-07-26 22:36:00.000",3311.29,EUR,UK,crm_backend,NULL,NULL
deal_711,account_57,user_345,pipeline_5,stage_6,won,2026-06-24,2026-07-15,"2026-07-07 10:38:00.000",22081.79,EUR,NO,integration,21,3
deal_712,account_112,user_265,pipeline_7,stage_1,open,2026-06-24,NULL,"2026-07-04 00:41:00.000",6771.55,EUR,NL,integration,NULL,NULL
deal_713,account_2,user_343,pipeline_2,stage_1,open,2026-06-24,NULL,"2026-08-01 15:52:00.000",10799.96,SEK,FR,manual_import,NULL,NULL
deal_714,account_68,user_117,pipeline_4,stage_2,open,2026-06-24,NULL,"2026-07-15 22:51:00.000",3806.37,SEK,FR,crm_backend,NULL,NULL
deal_715,account_32,user_132,pipeline_3,stage_3,open,2026-06-24,NULL,"2026-08-01 16:42:00.000",19007.16,SEK,NL,integration,NULL,NULL
deal_716,account_75,user_390,pipeline_8,stage_5,open,2026-06-24,NULL,"2026-08-03 17:09:00.000",9152.44,EUR,DE,integration,NULL,NULL
deal_717,account_111,user_58,pipeline_8,stage_3,open,2026-06-24,NULL,"2026-06-24 15:36:00.000",12054.72,EUR,NL,integration,NULL,NULL
deal_718,account_32,user_175,pipeline_5,stage_3,open,2026-06-25,NULL,"2026-07-07 01:53:00.000",3078.21,EUR,FR,integration,NULL,NULL
deal_719,account_111,user_227,pipeline_6,stage_6,won,2026-06-25,2026-07-11,"2026-07-02 17:11:00.000",6686.4,EUR,UK,integration,16,6
deal_720,account_87,user_80,pipeline_6,stage_2,open,2026-06-25,NULL,"2026-07-05 13:20:00.000",6908.18,EUR,UK,integration,NULL,NULL
deal_721,account_120,user_156,pipeline_6,stage_3,open,2026-06-25,NULL,"2026-07-15 18:08:00.000",NULL,GBP,NO,integration,NULL,NULL
deal_722,account_59,user_393,pipeline_5,stage_6,won,2026-06-25,2026-09-20,"2026-08-02 08:19:00.000",33369.6,DKK,UK,crm_backend,87,-64
deal_723,account_57,user_141,pipeline_2,stage_2,open,2026-06-25,NULL,"2026-08-01 17:17:00.000",14424.54,GBP,UK,integration,NULL,NULL
deal_724,account_49,user_31,pipeline_2,stage_1,open,2026-06-26,NULL,"2026-07-14 10:50:00.000",8662.09,NOK,FR,crm_backend,NULL,NULL
deal_725,account_74,user_103,pipeline_2,stage_3,open,2026-06-26,NULL,"2026-07-13 00:58:00.000",83043.56,NOK,UK,manual_import,NULL,NULL
deal_726,account_116,user_396,pipeline_8,stage_2,open,2026-06-26,NULL,"2026-07-17 15:02:00.000",11132.03,EUR,NO,manual_import,NULL,NULL
deal_727,account_63,user_25,pipeline_1,stage_3,open,2026-06-26,NULL,"2026-07-28 22:18:00.000",12481.65,NOK,NL,crm_backend,NULL,NULL
deal_728,account_69,user_82,pipeline_2,stage_4,lost,2026-06-26,2026-10-03,"2026-10-03 17:47:00.000",11207.44,SEK,UK,crm_backend,99,-78
deal_729,account_83,user_295,pipeline_6,stage_3,open,2026-06-26,NULL,"2026-07-23 16:05:00.000",7817.59,EUR,DK,integration,NULL,NULL
deal_730,account_87,user_394,pipeline_6,stage_3,open,2026-06-27,NULL,"2026-08-02 23:08:00.000",13718.92,EUR,DK,crm_backend,NULL,NULL
deal_731,account_109,user_21,pipeline_3,stage_1,open,2026-06-27,NULL,"2026-07-11 20:46:00.000",21559.76,NOK,NO,crm_backend,NULL,NULL
deal_732,account_16,user_193,pipeline_1,stage_6,won,2026-06-27,2026-07-26,"2026-06-29 15:34:00.000",8361.75,EUR,FR,crm_backend,29,-9
deal_733,account_117,user_297,pipeline_2,stage_6,won,2026-06-27,2026-08-31,"2026-08-07 10:46:00.000",13783.93,EUR,NL,crm_backend,65,-45
deal_734,account_49,user_216,pipeline_7,stage_5,open,2026-06-27,NULL,"2026-07-24 14:49:00.000",5752.31,SEK,NO,integration,NULL,NULL
deal_735,account_6,user_73,pipeline_4,stage_1,open,2026-06-27,NULL,"2026-08-10 19:02:00.000",42588.37,EUR,DE,crm_backend,NULL,NULL
deal_736,account_20,user_380,pipeline_3,stage_6,won,2026-06-28,2026-07-21,"2026-07-14 14:13:00.000",5448.92,SEK,NL,integration,23,-3
deal_737,account_61,user_18,pipeline_3,stage_2,open,2026-06-28,NULL,"2026-07-31 17:50:00.000",18333.34,EUR,DE,integration,NULL,NULL
deal_738,account_69,user_226,pipeline_3,stage_2,open,2026-06-28,NULL,"2026-07-06 13:30:00.000",10876.49,EUR,UK,manual_import,NULL,NULL
deal_739,account_17,user_74,pipeline_4,stage_6,won,2026-06-28,2026-08-06,"2026-07-14 09:24:00.000",17992.23,GBP,UK,manual_import,39,-19
deal_740,account_114,user_137,pipeline_3,stage_3,open,2026-06-28,NULL,"2026-06-30 20:09:00.000",NULL,DKK,FR,crm_backend,NULL,NULL
deal_741,account_74,user_247,pipeline_8,stage_5,open,2026-06-28,NULL,"2026-07-23 21:34:00.000",14912.39,NOK,UK,manual_import,NULL,NULL
deal_742,account_33,user_175,pipeline_8,stage_1,open,2026-06-29,NULL,"2026-08-01 21:51:00.000",3757.41,EUR,SE,integration,NULL,NULL
deal_743,account_92,user_152,pipeline_3,stage_2,open,2026-06-29,NULL,"2026-07-04 22:31:00.000",5191.35,EUR,UK,crm_backend,NULL,NULL
deal_744,account_96,user_182,pipeline_3,stage_6,won,2026-06-29,2026-10-13,"2026-08-15 17:36:00.000",9473.49,EUR,SE,crm_backend,105,-87
deal_745,account_29,user_385,pipeline_3,stage_4,lost,2026-06-30,2026-08-07,"2026-07-26 17:13:00.000",6557.96,SEK,DE,integration,38,-21
deal_746,account_1,user_39,pipeline_5,stage_1,open,2026-06-30,NULL,"2026-08-07 18:37:00.000",3710.67,NOK,FR,crm_backend,NULL,NULL
deal_747,account_54,user_201,pipeline_4,stage_6,won,2026-06-30,2026-08-07,"2026-07-26 12:14:00.000",4481.66,EUR,DE,crm_backend,38,-20
deal_748,account_2,user_327,pipeline_2,stage_1,open,2026-06-30,NULL,"2026-07-30 20:50:00.000",10925.06,EUR,NO,manual_import,NULL,NULL
deal_749,account_6,user_196,pipeline_5,stage_2,open,2026-06-30,NULL,"2026-08-14 18:13:00.000",21269.93,DKK,DK,crm_backend,NULL,NULL
deal_750,account_108,user_360,pipeline_7,stage_1,open,2026-06-30,NULL,"2026-07-17 19:28:00.000",10683.19,EUR,NO,crm_backend,NULL,NULL
deal_751,account_64,user_114,pipeline_7,stage_4,open,2026-07-01,NULL,"2026-08-05 22:11:00.000",7509.87,DKK,NL,manual_import,NULL,NULL
deal_752,account_16,user_392,pipeline_4,stage_3,open,2026-07-01,NULL,"2026-07-26 14:49:00.000",7167.65,EUR,DE,manual_import,NULL,NULL
deal_753,account_117,user_14,pipeline_4,stage_3,open,2026-07-01,NULL,"2026-07-20 00:42:00.000",12622.74,NOK,DK,integration,NULL,NULL
deal_754,account_58,user_25,pipeline_6,stage_3,open,2026-07-01,NULL,"2026-07-11 19:23:00.000",9701.73,NOK,FR,crm_backend,NULL,NULL
deal_755,account_43,user_181,pipeline_4,stage_6,won,2026-07-01,2026-10-04,"2026-09-21 13:24:00.000",7872.78,NOK,SE,integration,95,-78
deal_756,account_44,user_225,pipeline_6,stage_3,lost,2026-07-01,2026-09-16,"2026-09-04 10:43:00.000",11402.74,EUR,DE,manual_import,77,-60
deal_757,account_92,user_307,pipeline_7,stage_2,open,2026-07-02,NULL,"2026-07-10 19:03:00.000",4243.51,EUR,NL,crm_backend,NULL,NULL
deal_758,account_106,user_21,pipeline_4,stage_6,open,2026-07-02,NULL,"2026-07-16 21:05:00.000",NULL,EUR,NO,manual_import,NULL,NULL
deal_759,account_71,user_291,pipeline_4,stage_2,open,2026-07-03,NULL,"2026-08-08 21:38:00.000",11961.51,EUR,DK,integration,NULL,NULL
deal_760,account_41,user_277,pipeline_6,stage_2,lost,2026-07-03,2026-10-03,"2026-09-10 09:18:00.000",37737.82,NOK,NL,integration,92,-77
deal_761,account_30,user_369,pipeline_6,stage_6,won,2026-07-03,2026-08-10,"2026-07-07 17:27:00.000",8522.87,EUR,SE,crm_backend,37,-23
deal_762,account_8,user_178,pipeline_8,stage_2,open,2026-07-03,NULL,"2026-07-20 20:14:00.000",48125.04,NOK,SE,integration,NULL,NULL
deal_763,account_69,user_357,pipeline_5,stage_4,open,2026-07-03,NULL,"2026-07-29 16:05:00.000",12195.6,GBP,NO,manual_import,NULL,NULL
deal_764,account_100,user_37,pipeline_2,stage_1,open,2026-07-03,NULL,"2026-08-10 20:05:00.000",49797.21,EUR,DE,manual_import,NULL,NULL
deal_765,account_49,user_357,pipeline_8,stage_6,won,2026-07-04,2026-08-15,"2026-07-16 10:21:00.000",11487.16,EUR,DE,crm_backend,42,-28
deal_766,account_82,user_42,pipeline_6,stage_6,won,2026-07-04,2026-07-09,"2026-07-09 15:42:00.000",3709.75,GBP,NL,crm_backend,5,9
deal_767,account_116,user_291,pipeline_6,stage_2,lost,2026-07-04,2026-07-30,"2026-07-11 09:11:00.000",47186.71,EUR,SE,integration,26,-13
deal_768,account_23,user_260,pipeline_3,stage_1,open,2026-07-04,NULL,"2026-07-11 20:54:00.000",45613.04,EUR,SE,manual_import,NULL,NULL
deal_769,account_44,user_233,pipeline_7,stage_4,lost,2026-07-04,2026-08-07,"2026-07-14 15:38:00.000",5873.42,EUR,DK,crm_backend,34,-21
deal_770,account_91,user_387,pipeline_2,stage_3,open,2026-07-05,NULL,"2026-08-11 02:40:00.000",11426.47,EUR,SE,integration,NULL,NULL
deal_771,account_81,user_219,pipeline_7,stage_2,open,2026-07-05,NULL,"2026-07-26 00:59:00.000",8809.25,EUR,UK,manual_import,NULL,NULL
deal_772,account_25,user_46,pipeline_5,stage_3,open,2026-07-05,NULL,"2026-08-08 18:12:00.000",3566.49,EUR,FR,manual_import,NULL,NULL
deal_773,account_68,user_92,pipeline_6,stage_2,lost,2026-07-05,2026-10-30,"2026-10-05 08:45:00.000",6843.73,DKK,NL,crm_backend,117,-104
deal_774,account_116,user_353,pipeline_2,stage_1,open,2026-07-05,NULL,"2026-07-26 15:58:00.000",14845.03,EUR,SE,manual_import,NULL,NULL
deal_775,account_113,user_217,pipeline_5,stage_4,lost,2026-07-05,2026-08-29,"2026-08-01 11:29:00.000",12882.66,EUR,FR,integration,55,-42
deal_776,account_89,user_203,pipeline_1,stage_3,open,2026-07-05,NULL,"2026-07-12 17:37:00.000",4907.09,EUR,UK,integration,NULL,NULL
deal_777,account_51,user_146,pipeline_5,stage_6,won,2026-07-06,2026-10-14,"2026-08-26 12:51:00.000",12874.53,DKK,DE,crm_backend,100,-88
deal_778,account_61,user_246,pipeline_2,stage_4,open,2026-07-06,NULL,"2026-08-19 11:03:00.000",5901.02,DKK,NO,manual_import,NULL,NULL
deal_779,account_25,user_394,pipeline_4,stage_1,open,2026-07-06,NULL,"2026-07-22 16:24:00.000",22398.81,EUR,NO,crm_backend,NULL,NULL
deal_780,account_85,user_370,pipeline_8,stage_6,won,2026-07-06,2026-08-09,"2026-07-25 08:25:00.000",37861.82,DKK,DE,manual_import,34,-23
deal_781,account_22,user_371,pipeline_6,stage_5,open,2026-07-06,NULL,"2026-07-06 20:49:00.000",7507.8,NOK,NO,manual_import,NULL,NULL
deal_782,account_106,user_244,pipeline_7,stage_2,open,2026-07-06,NULL,"2026-07-21 21:11:00.000",10351.3,SEK,SE,integration,NULL,NULL
deal_783,account_19,user_147,pipeline_3,stage_5,lost,2026-07-06,2026-07-11,"2026-07-09 14:37:00.000",4727.81,EUR,SE,integration,5,6
deal_784,account_52,user_216,pipeline_7,stage_6,won,2026-07-07,2026-08-28,"2026-07-31 15:51:00.000",7053.62,EUR,SE,crm_backend,52,-42
deal_785,account_112,user_374,pipeline_6,stage_4,open,2026-07-07,NULL,"2026-08-17 21:08:00.000",9854.07,SEK,FR,manual_import,NULL,NULL
deal_786,account_44,user_283,pipeline_3,stage_3,lost,2026-07-07,2026-07-13,"2026-07-11 14:33:00.000",38833.5,NOK,UK,integration,6,4
deal_787,account_53,user_163,pipeline_8,stage_6,won,2026-07-08,2026-09-11,"2026-07-13 12:11:00.000",11114.27,EUR,FR,crm_backend,65,-56
deal_788,account_120,user_183,pipeline_4,stage_3,lost,2026-07-08,2026-09-28,"2026-09-21 10:34:00.000",13854.18,EUR,DK,crm_backend,82,-72
deal_789,account_113,user_78,pipeline_3,stage_5,open,2026-07-08,NULL,"2026-08-13 00:30:00.000",10544.19,EUR,NO,manual_import,NULL,NULL
deal_790,account_97,user_21,pipeline_3,stage_2,open,2026-07-09,NULL,"2026-08-15 20:41:00.000",14171.31,GBP,UK,manual_import,NULL,NULL
deal_791,account_11,user_190,pipeline_2,stage_2,open,2026-07-09,NULL,"2026-07-18 12:54:00.000",14914.76,EUR,UK,crm_backend,NULL,NULL
deal_792,account_3,user_319,pipeline_7,stage_1,open,2026-07-10,NULL,"2026-08-12 11:17:00.000",8875.31,EUR,DE,integration,NULL,NULL
deal_793,account_98,user_337,pipeline_8,stage_1,open,2026-07-10,NULL,"2026-08-18 09:32:00.000",28968.28,EUR,UK,integration,NULL,NULL
deal_794,account_103,user_263,pipeline_7,stage_6,won,2026-07-10,2026-08-26,"2026-08-15 14:56:00.000",5314.84,EUR,UK,crm_backend,47,-40
deal_795,account_111,user_261,pipeline_2,stage_6,won,2026-07-10,2026-07-26,"2026-07-13 08:23:00.000",15015.92,EUR,NO,crm_backend,16,-8
deal_796,account_44,user_317,pipeline_2,stage_6,open,2026-07-10,NULL,"2026-08-19 16:17:00.000",22441.94,NOK,NO,crm_backend,NULL,NULL
deal_797,account_56,user_352,pipeline_4,stage_1,open,2026-07-11,NULL,"2026-08-13 14:52:00.000",34587.21,EUR,UK,manual_import,NULL,NULL
deal_798,account_24,user_260,pipeline_1,stage_1,open,2026-07-11,NULL,"2026-08-14 19:10:00.000",14672.68,EUR,DK,crm_backend,NULL,NULL
deal_799,account_38,user_308,pipeline_7,stage_1,open,2026-07-12,NULL,"2026-08-03 20:44:00.000",9366.61,NOK,NO,crm_backend,NULL,NULL
deal_800,account_94,user_31,pipeline_7,stage_5,open,2026-07-12,NULL,"2026-08-24 10:51:00.000",6820.78,DKK,NO,manual_import,NULL,NULL
deal_801,account_58,user_184,pipeline_8,stage_4,open,2026-07-12,NULL,"2026-07-24 18:12:00.000",23933.74,GBP,FR,integration,NULL,NULL
deal_802,account_58,user_79,pipeline_3,stage_1,open,2026-07-12,NULL,"2026-08-01 21:04:00.000",NULL,NOK,UK,crm_backend,NULL,NULL
deal_803,account_28,user_49,pipeline_1,stage_1,open,2026-07-12,NULL,"2026-08-12 21:21:00.000",4899.8,EUR,NL,manual_import,NULL,NULL
deal_804,account_110,user_82,pipeline_8,stage_1,open,2026-07-12,NULL,"2026-08-26 17:09:00.000",28790.83,EUR,DK,manual_import,NULL,NULL
deal_805,account_80,user_220,pipeline_2,stage_2,open,2026-07-13,NULL,"2026-08-26 12:23:00.000",7434.81,EUR,SE,integration,NULL,NULL
deal_806,account_116,user_161,pipeline_8,stage_3,open,2026-07-13,NULL,"2026-07-25 14:57:00.000",14585.69,NOK,NL,crm_backend,NULL,NULL
deal_807,account_73,user_241,pipeline_1,stage_1,open,2026-07-13,NULL,"2026-08-21 18:49:00.000",3975.69,GBP,DK,crm_backend,NULL,NULL
deal_808,account_102,user_395,pipeline_5,stage_4,open,2026-07-13,NULL,"2026-07-27 10:29:00.000",6926.57,EUR,DK,integration,NULL,NULL
deal_809,account_69,user_103,pipeline_4,stage_1,open,2026-07-13,NULL,"2026-08-15 18:39:00.000",6389.48,EUR,DK,crm_backend,NULL,NULL
deal_810,account_84,user_330,pipeline_7,stage_4,open,2026-07-13,NULL,"2026-08-10 15:51:00.000",9663.17,EUR,DK,crm_backend,NULL,NULL
deal_811,account_21,user_301,pipeline_3,stage_2,lost,2026-07-13,2026-09-24,"2026-08-30 13:30:00.000",4701.03,EUR,DE,manual_import,73,-69
deal_812,account_108,user_390,pipeline_1,stage_4,open,2026-07-14,NULL,"2026-08-15 13:46:00.000",11673.32,EUR,NO,manual_import,NULL,NULL
deal_813,account_12,user_387,pipeline_6,stage_2,open,2026-07-14,NULL,"2026-08-14 20:55:00.000",9541.34,EUR,FR,crm_backend,NULL,NULL
deal_814,account_15,user_391,pipeline_5,stage_3,open,2026-07-14,NULL,"2026-07-17 15:42:00.000",29698.5,EUR,DK,integration,NULL,NULL
deal_815,account_51,user_10,pipeline_5,stage_3,open,2026-07-14,NULL,"2026-07-18 17:05:00.000",11201.43,EUR,DK,manual_import,NULL,NULL
deal_816,account_28,user_78,pipeline_1,stage_2,open,2026-07-14,NULL,"2026-07-26 17:10:00.000",7013.83,EUR,NO,integration,NULL,NULL
deal_817,account_66,user_395,pipeline_7,stage_1,open,2026-07-14,NULL,"2026-07-27 14:53:00.000",12117.11,EUR,NL,integration,NULL,NULL
deal_818,account_30,user_291,pipeline_5,stage_2,open,2026-07-15,NULL,"2026-07-26 17:23:00.000",5476.23,GBP,NL,crm_backend,NULL,NULL
deal_819,account_77,user_147,pipeline_4,stage_5,open,2026-07-15,NULL,"2026-08-23 10:10:00.000",13285.99,EUR,NL,crm_backend,NULL,NULL
deal_820,account_83,user_98,pipeline_7,stage_2,open,2026-07-15,NULL,"2026-07-17 16:23:00.000",6624.6,NOK,SE,crm_backend,NULL,NULL
deal_821,account_88,user_16,pipeline_8,stage_1,open,2026-07-15,NULL,"2026-08-21 20:28:00.000",18255.78,EUR,DE,manual_import,NULL,NULL
deal_822,account_56,user_239,pipeline_7,stage_4,lost,2026-07-15,2026-07-26,"2026-07-20 10:59:00.000",25208.6,GBP,SE,crm_backend,11,-8
deal_823,account_84,user_23,pipeline_7,stage_3,lost,2026-07-15,2026-11-03,"2026-08-21 17:32:00.000",7368.42,EUR,SE,integration,111,-109
deal_824,account_71,user_277,pipeline_3,stage_6,won,2026-07-15,2026-08-09,"2026-07-28 13:28:00.000",7465.32,EUR,UK,integration,25,-23
deal_825,account_12,user_309,pipeline_5,stage_2,open,2026-07-16,NULL,"2026-08-19 13:08:00.000",13676.89,EUR,DK,manual_import,NULL,NULL
deal_826,account_109,user_294,pipeline_3,stage_6,won,2026-07-16,2026-11-01,"2026-07-31 11:30:00.000",14886.05,DKK,DK,manual_import,108,-107
deal_827,account_30,user_351,pipeline_6,stage_4,open,2026-07-16,NULL,"2026-08-20 23:04:00.000",9277.45,EUR,FR,crm_backend,NULL,NULL
deal_828,account_20,user_356,pipeline_4,stage_6,lost,2026-07-16,2026-09-20,"2026-07-26 08:00:00.000",11339.25,EUR,SE,manual_import,66,-64
deal_829,account_25,user_13,pipeline_1,stage_1,open,2026-07-16,NULL,"2026-08-28 09:44:00.000",3804.26,DKK,NO,manual_import,NULL,NULL
deal_830,account_27,user_156,pipeline_7,stage_3,open,2026-07-17,NULL,"2026-07-20 00:40:00.000",22226.43,EUR,NO,integration,NULL,NULL
deal_831,account_45,user_351,pipeline_8,stage_6,open,2026-07-17,NULL,"2026-07-22 16:33:00.000",12735.53,EUR,DE,manual_import,NULL,NULL
deal_832,account_61,user_18,pipeline_6,stage_3,open,2026-07-17,NULL,"2026-08-25 20:17:00.000",4139.45,EUR,NL,integration,NULL,NULL
deal_833,account_36,user_357,pipeline_7,stage_1,open,2026-07-17,NULL,"2026-08-31 01:57:00.000",8893.19,EUR,DK,integration,NULL,NULL
deal_834,account_26,user_247,pipeline_8,stage_4,open,2026-07-18,NULL,"2026-07-29 18:40:00.000",8287.89,EUR,DE,manual_import,NULL,NULL
deal_835,account_22,user_72,pipeline_3,stage_2,open,2026-07-18,NULL,"2026-08-14 17:57:00.000",11500.91,EUR,NO,integration,NULL,NULL
deal_836,account_9,user_45,pipeline_5,stage_2,open,2026-07-19,NULL,"2026-07-27 16:09:00.000",6470,EUR,NL,integration,NULL,NULL
deal_837,account_85,user_95,pipeline_7,stage_1,open,2026-07-19,NULL,"2026-07-27 16:38:00.000",10876.78,DKK,NO,integration,NULL,NULL
deal_838,account_111,user_246,pipeline_4,stage_2,open,2026-07-20,NULL,"2026-07-31 17:50:00.000",9636.39,DKK,FR,manual_import,NULL,NULL
deal_839,account_62,user_263,pipeline_2,stage_3,open,2026-07-20,NULL,"2026-08-29 23:49:00.000",14251.3,EUR,DK,integration,NULL,NULL
deal_840,account_51,user_231,pipeline_4,stage_5,open,2026-07-20,NULL,"2026-08-15 12:51:00.000",5896.09,DKK,DE,crm_backend,NULL,NULL
deal_841,account_99,user_329,pipeline_1,stage_1,open,2026-07-21,NULL,"2026-08-11 19:28:00.000",13035.89,EUR,DE,integration,NULL,NULL
deal_842,account_76,user_356,pipeline_3,stage_3,open,2026-07-21,NULL,"2026-08-25 00:49:00.000",31946.09,DKK,SE,integration,NULL,NULL
deal_843,account_31,user_290,pipeline_4,stage_2,lost,2026-07-21,2026-10-18,"2026-08-26 13:56:00.000",6166.92,NOK,FR,crm_backend,89,-93
deal_844,account_88,user_352,pipeline_6,stage_1,open,2026-07-22,NULL,"2026-08-24 20:12:00.000",4406.53,DKK,UK,integration,NULL,NULL
deal_845,account_64,user_192,pipeline_4,stage_1,open,2026-07-22,NULL,"2026-08-25 20:30:00.000",4756.08,NOK,DE,crm_backend,NULL,NULL
deal_846,account_33,user_254,pipeline_8,stage_1,open,2026-07-22,NULL,"2026-08-03 21:55:00.000",3611.92,EUR,DE,integration,NULL,NULL
deal_847,account_98,user_28,pipeline_1,stage_2,open,2026-07-23,NULL,"2026-07-29 16:24:00.000",NULL,EUR,NL,manual_import,NULL,NULL
deal_848,account_30,user_113,pipeline_5,stage_1,open,2026-07-23,NULL,"2026-08-29 22:49:00.000",47572.4,EUR,SE,crm_backend,NULL,NULL
deal_849,account_35,user_249,pipeline_2,stage_2,open,2026-07-23,NULL,"2026-08-31 12:26:00.000",NULL,DKK,DE,manual_import,NULL,NULL
deal_850,account_58,user_110,pipeline_4,stage_6,won,2026-07-23,2026-09-20,"2026-08-02 09:42:00.000",11869.97,EUR,NL,integration,59,-65
deal_851,account_102,user_269,pipeline_6,stage_2,open,2026-07-24,NULL,"2026-08-21 16:59:00.000",7475.53,EUR,FR,integration,NULL,NULL
deal_852,account_52,user_141,pipeline_4,stage_3,lost,2026-07-24,2026-07-30,"2026-07-26 12:57:00.000",277198.72,EUR,NO,integration,6,-13
deal_853,account_55,user_46,pipeline_7,stage_1,open,2026-07-24,NULL,"2026-08-09 20:31:00.000",14513.95,EUR,NO,integration,NULL,NULL
deal_854,account_12,user_363,pipeline_3,stage_3,open,2026-07-24,NULL,"2026-08-26 13:55:00.000",8437.21,SEK,SE,integration,NULL,NULL
deal_855,account_30,user_48,pipeline_1,stage_4,open,2026-07-24,NULL,"2026-08-04 22:41:00.000",9575.26,NOK,SE,manual_import,NULL,NULL
deal_856,account_35,user_92,pipeline_2,stage_2,open,2026-07-25,NULL,"2026-08-28 19:04:00.000",21641.03,EUR,NL,crm_backend,NULL,NULL
deal_857,account_61,user_80,pipeline_3,stage_6,won,2026-07-25,2026-10-09,"2026-09-23 12:07:00.000",10558.46,DKK,FR,crm_backend,76,-84
deal_858,account_37,user_236,pipeline_8,stage_3,open,2026-07-26,NULL,"2026-08-24 23:36:00.000",7247.23,NOK,NL,integration,NULL,NULL
deal_859,account_17,user_19,pipeline_4,stage_2,open,2026-07-26,NULL,"2026-09-02 16:17:00.000",56446.51,EUR,FR,manual_import,NULL,NULL
deal_860,account_102,user_389,pipeline_3,stage_1,open,2026-07-27,NULL,"2026-08-24 17:27:00.000",8841.31,EUR,DE,crm_backend,NULL,NULL
deal_861,account_82,user_52,pipeline_5,stage_2,open,2026-07-27,NULL,"2026-09-06 21:46:00.000",3937.48,EUR,FR,integration,NULL,NULL
deal_862,account_40,user_260,pipeline_3,stage_2,lost,2026-07-27,2026-09-02,"2026-07-29 08:11:00.000",9114.08,EUR,DK,manual_import,37,-46
deal_863,account_37,user_189,pipeline_1,stage_5,open,2026-07-27,NULL,"2026-08-24 01:35:00.000",3433.87,EUR,SE,integration,NULL,NULL
deal_864,account_94,user_370,pipeline_5,stage_5,open,2026-07-27,NULL,"2026-08-20 15:09:00.000",17455.05,DKK,DE,crm_backend,NULL,NULL
deal_865,account_118,user_108,pipeline_1,stage_1,open,2026-07-27,NULL,"2026-07-31 12:51:00.000",8619.68,EUR,DE,integration,NULL,NULL
deal_866,account_34,user_296,pipeline_6,stage_3,open,2026-07-28,NULL,"2026-09-03 22:26:00.000",11191.22,NOK,DE,integration,NULL,NULL
deal_867,account_39,user_256,pipeline_7,stage_3,lost,2026-07-28,2026-08-13,"2026-08-05 08:52:00.000",51096.51,EUR,NO,manual_import,16,-26
deal_868,account_96,user_205,pipeline_7,stage_1,open,2026-07-28,NULL,"2026-08-27 18:47:00.000",12299.59,EUR,DE,integration,NULL,NULL
deal_869,account_48,user_61,pipeline_5,stage_6,open,2026-07-28,NULL,"2026-08-22 15:40:00.000",7863.81,EUR,SE,manual_import,NULL,NULL
deal_870,account_11,user_52,pipeline_2,NULL,won,2026-07-28,2026-10-08,"2026-09-30 09:24:00.000",13758.98,DKK,SE,crm_backend,72,-82
deal_871,account_87,user_352,pipeline_6,stage_1,open,2026-07-29,NULL,"2026-08-04 18:24:00.000",229851.33,SEK,FR,integration,NULL,NULL
deal_872,account_79,user_270,pipeline_2,stage_2,open,2026-07-29,NULL,"2026-08-08 21:38:00.000",NULL,SEK,UK,crm_backend,NULL,NULL
deal_873,account_46,user_261,pipeline_5,stage_4,open,2026-07-29,NULL,"2026-08-13 18:16:00.000",NULL,EUR,NO,crm_backend,NULL,NULL
deal_874,account_20,user_371,pipeline_2,stage_6,won,2026-07-29,2026-10-14,"2026-09-29 12:49:00.000",25583.09,DKK,NL,integration,77,-89
deal_875,account_84,user_18,pipeline_6,stage_2,open,2026-07-30,NULL,"2026-08-15 17:18:00.000",5238.75,NOK,DK,integration,NULL,NULL
deal_876,account_91,user_217,pipeline_6,stage_6,won,2026-07-30,2026-11-21,"2026-09-01 17:40:00.000",7989.61,EUR,SE,crm_backend,114,-127
deal_877,account_36,user_104,pipeline_3,stage_1,open,2026-07-30,NULL,"2026-08-20 21:28:00.000",24160.71,EUR,UK,manual_import,NULL,NULL
deal_878,account_36,user_272,pipeline_7,stage_4,lost,2026-07-30,2026-09-26,"2026-08-29 17:01:00.000",14569.71,GBP,DE,crm_backend,58,-71
deal_879,account_76,user_322,pipeline_2,stage_6,won,2026-07-30,2026-10-01,"2026-08-14 16:05:00.000",14077.07,EUR,UK,crm_backend,62,-75
deal_880,account_33,user_203,pipeline_5,stage_1,open,2026-07-31,NULL,"2026-08-28 12:08:00.000",7763.76,EUR,FR,manual_import,NULL,NULL
deal_881,account_112,user_376,pipeline_5,stage_3,open,2026-07-31,NULL,"2026-09-04 13:46:00.000",12356.1,NOK,SE,manual_import,NULL,NULL
deal_882,account_55,user_41,pipeline_6,stage_2,lost,2026-07-31,2026-11-06,"2026-08-22 12:11:00.000",10889.49,SEK,SE,manual_import,98,-111
deal_883,account_120,user_148,pipeline_5,stage_3,open,2026-07-31,NULL,"2026-08-09 19:19:00.000",27781.52,GBP,SE,crm_backend,NULL,NULL
deal_884,account_65,user_393,pipeline_8,stage_3,open,2026-07-31,NULL,"2026-08-05 22:47:00.000",12468,GBP,UK,crm_backend,NULL,NULL
deal_885,account_102,user_393,pipeline_2,stage_2,open,2026-07-31,NULL,"2026-09-13 18:11:00.000",5330.05,EUR,DE,integration,NULL,NULL
deal_886,account_28,user_86,pipeline_4,stage_6,won,2026-08-01,2026-08-12,"2026-08-12 16:15:00.000",14205.55,EUR,DK,manual_import,11,-26
deal_887,account_5,user_232,pipeline_4,stage_1,open,2026-08-01,NULL,"2026-08-24 13:49:00.000",7986.4,EUR,FR,crm_backend,NULL,NULL
deal_888,account_15,user_304,pipeline_3,stage_6,open,2026-08-01,NULL,"2026-08-22 18:06:00.000",37672.4,SEK,DK,crm_backend,NULL,NULL
deal_889,account_39,user_341,pipeline_3,stage_6,won,2026-08-01,2026-09-08,"2026-08-28 12:24:00.000",14775.72,EUR,UK,integration,38,-53
deal_890,account_37,user_168,pipeline_3,stage_6,won,2026-08-01,2026-10-20,"2026-09-17 09:35:00.000",4360.49,EUR,NO,crm_backend,80,-94
deal_891,account_30,user_26,pipeline_5,stage_6,won,2026-08-02,2026-10-13,"2026-10-12 13:18:00.000",14222.51,SEK,UK,integration,72,-87
deal_892,account_120,user_21,pipeline_5,stage_2,open,2026-08-02,NULL,"2026-08-10 16:20:00.000",NULL,NOK,DE,manual_import,NULL,NULL
deal_893,account_115,user_127,pipeline_2,stage_3,open,2026-08-03,NULL,"2026-08-09 13:59:00.000",8643.79,SEK,UK,manual_import,NULL,NULL
deal_894,account_88,user_268,pipeline_5,stage_6,won,2026-08-03,2026-08-31,"2026-08-21 17:50:00.000",5854.94,EUR,FR,manual_import,27,-44
deal_895,account_76,user_211,pipeline_5,stage_5,open,2026-08-03,NULL,"2026-08-29 16:56:00.000",10780.05,EUR,DK,manual_import,NULL,NULL
deal_896,account_83,user_298,pipeline_2,stage_1,open,2026-08-03,NULL,"2026-08-05 13:27:00.000",22925.83,DKK,UK,crm_backend,NULL,NULL
deal_897,account_14,user_175,pipeline_4,stage_3,open,2026-08-03,NULL,"2026-08-26 21:09:00.000",14727,DKK,FR,manual_import,NULL,NULL
deal_898,account_25,user_341,pipeline_4,stage_1,open,2026-08-03,NULL,"2026-08-03 23:44:00.000",31874.38,EUR,DE,crm_backend,NULL,NULL
deal_899,account_23,user_219,pipeline_1,stage_6,won,2026-08-04,2026-10-21,"2026-09-18 16:04:00.000",13292.03,SEK,DE,integration,78,-96
deal_900,account_116,user_69,pipeline_1,stage_2,open,2026-08-04,NULL,"2026-09-08 20:41:00.000",23216.1,EUR,FR,manual_import,NULL,NULL
deal_901,account_52,user_11,pipeline_2,stage_2,lost,2026-08-04,2026-09-08,"2026-09-07 17:40:00.000",14061.93,EUR,NO,integration,35,-53
deal_902,account_54,user_291,pipeline_6,stage_1,open,2026-08-04,NULL,"2026-08-31 12:18:00.000",11352.32,SEK,NL,manual_import,NULL,NULL
deal_903,account_80,user_101,pipeline_4,stage_2,open,2026-08-05,NULL,"2026-08-20 22:37:00.000",146699.46,EUR,DE,crm_backend,NULL,NULL
deal_904,account_95,user_38,pipeline_2,stage_1,open,2026-08-05,NULL,"2026-08-18 23:40:00.000",4162.27,GBP,UK,manual_import,NULL,NULL
deal_905,account_12,user_175,pipeline_4,stage_1,open,2026-08-05,NULL,"2026-09-14 14:07:00.000",3530.05,DKK,NO,integration,NULL,NULL
deal_906,account_53,user_170,pipeline_2,stage_1,open,2026-08-05,NULL,"2026-08-05 16:47:00.000",11356.55,EUR,UK,crm_backend,NULL,NULL
deal_907,account_86,user_141,pipeline_4,stage_6,won,2026-08-05,2026-08-13,"2026-08-09 10:56:00.000",28924.9,EUR,NL,crm_backend,8,-26
deal_908,account_27,user_188,pipeline_5,stage_1,open,2026-08-06,NULL,"2026-09-05 21:49:00.000",3091.47,SEK,NO,crm_backend,NULL,NULL
deal_909,account_20,user_213,pipeline_2,stage_4,open,2026-08-06,NULL,"2026-09-09 00:53:00.000",13605.94,GBP,NL,integration,NULL,NULL
deal_910,account_77,user_273,pipeline_4,stage_3,open,2026-08-06,NULL,"2026-08-23 21:02:00.000",NULL,EUR,DE,manual_import,NULL,NULL
deal_911,account_75,user_60,pipeline_3,stage_3,open,2026-08-06,NULL,"2026-08-13 18:28:00.000",8751.86,EUR,NL,crm_backend,NULL,NULL
deal_912,account_17,user_124,pipeline_1,stage_6,won,2026-08-06,2026-08-18,"2026-08-15 16:40:00.000",9627.33,EUR,DK,manual_import,12,-32
deal_913,account_55,user_252,pipeline_4,stage_6,won,2026-08-06,2026-10-29,"2026-10-12 10:23:00.000",4773.87,DKK,NO,manual_import,84,-103
deal_914,account_88,user_142,pipeline_6,stage_1,open,2026-08-06,NULL,"2026-09-17 08:54:00.000",13354.63,NOK,UK,manual_import,NULL,NULL
deal_915,account_104,user_51,pipeline_8,stage_1,open,2026-08-07,NULL,"2026-09-14 17:37:00.000",11630.7,NOK,NL,manual_import,NULL,NULL
deal_916,account_21,user_44,pipeline_3,stage_1,open,2026-08-07,NULL,"2026-08-11 20:24:00.000",5108.7,EUR,DE,crm_backend,NULL,NULL
deal_917,account_6,user_307,pipeline_1,stage_5,open,2026-08-07,NULL,"2026-09-16 13:51:00.000",4064.26,EUR,NO,crm_backend,NULL,NULL
deal_918,account_66,user_117,pipeline_6,stage_2,open,2026-08-07,NULL,"2026-09-12 20:42:00.000",86387.13,EUR,NL,manual_import,NULL,NULL
deal_919,account_101,user_9,pipeline_3,stage_1,open,2026-08-07,NULL,"2026-08-14 16:49:00.000",6033.78,NOK,DK,manual_import,NULL,NULL
deal_920,account_23,user_281,pipeline_8,stage_2,lost,2026-08-08,2026-11-10,"2026-10-15 16:30:00.000",10772.91,DKK,SE,manual_import,94,-116
deal_921,account_93,user_88,pipeline_5,stage_1,open,2026-08-08,NULL,"2026-09-22 17:10:00.000",7419.08,EUR,FR,integration,NULL,NULL
deal_922,account_106,user_200,pipeline_5,stage_5,open,2026-08-08,NULL,"2026-08-26 15:22:00.000",5239.07,EUR,SE,integration,NULL,NULL
deal_923,account_94,user_12,pipeline_2,stage_2,open,2026-08-08,NULL,"2026-08-27 00:46:00.000",9908.51,NOK,UK,crm_backend,NULL,NULL
deal_924,account_65,user_266,pipeline_3,stage_6,open,2026-08-08,NULL,"2026-09-21 13:45:00.000",11084.13,GBP,DK,crm_backend,NULL,NULL
deal_925,account_98,user_182,pipeline_4,stage_2,open,2026-08-08,NULL,"2026-09-02 20:45:00.000",12680.46,EUR,DE,manual_import,NULL,NULL
deal_926,account_7,user_311,pipeline_4,stage_3,open,2026-08-08,NULL,"2026-08-21 14:23:00.000",7859.93,SEK,UK,crm_backend,NULL,NULL
deal_927,account_98,user_259,pipeline_8,stage_2,lost,2026-08-09,2026-11-29,"2026-11-17 13:35:00.000",9630.6,EUR,SE,crm_backend,112,-135
deal_928,account_4,user_301,pipeline_2,stage_6,won,2026-08-09,2026-08-28,"2026-08-10 13:42:00.000",5932.63,NOK,DK,manual_import,19,-42
deal_929,account_16,user_372,pipeline_7,stage_4,lost,2026-08-09,2026-10-29,"2026-08-27 08:03:00.000",41017.61,SEK,UK,manual_import,81,-103
deal_930,account_29,user_119,pipeline_7,stage_4,open,2026-08-09,NULL,"2026-09-04 20:21:00.000",5047.21,EUR,NO,crm_backend,NULL,NULL
deal_931,account_54,user_40,pipeline_2,stage_4,lost,2026-08-09,2026-09-18,"2026-09-12 12:21:00.000",64468.6,EUR,FR,integration,40,-62
deal_932,account_55,user_223,pipeline_1,stage_1,open,2026-08-09,NULL,"2026-08-10 17:34:00.000",14326.18,EUR,DE,manual_import,NULL,NULL
deal_933,account_50,user_79,pipeline_8,stage_4,open,2026-08-10,NULL,"2026-08-21 12:57:00.000",6048.32,DKK,DE,manual_import,NULL,NULL
deal_934,account_63,user_218,pipeline_3,stage_5,lost,2026-08-10,2026-08-18,"2026-08-14 11:35:00.000",6648.07,GBP,FR,crm_backend,8,-31
deal_935,account_117,user_282,pipeline_3,stage_1,open,2026-08-11,NULL,"2026-08-18 15:51:00.000",NULL,SEK,NL,integration,NULL,NULL
deal_936,account_9,user_149,pipeline_5,stage_1,open,2026-08-11,NULL,"2026-08-28 03:43:00.000",12687.9,GBP,DE,manual_import,NULL,NULL
deal_937,account_100,user_337,pipeline_5,stage_4,open,2026-08-11,NULL,"2026-09-24 01:12:00.000",4075.86,DKK,UK,manual_import,NULL,NULL
deal_938,account_14,user_151,pipeline_1,stage_4,lost,2026-08-11,2026-12-01,"2026-09-03 16:32:00.000",49243.47,EUR,FR,crm_backend,112,-137
deal_939,account_73,user_287,pipeline_1,stage_1,open,2026-08-11,NULL,"2026-08-20 21:44:00.000",10682.87,DKK,SE,manual_import,NULL,NULL
deal_940,account_93,user_117,pipeline_4,stage_3,open,2026-08-11,NULL,"2026-08-26 22:25:00.000",4662.28,GBP,FR,crm_backend,NULL,NULL
deal_941,account_114,user_340,pipeline_2,stage_4,lost,2026-08-11,2026-08-17,"2026-08-13 10:25:00.000",7874.77,EUR,UK,integration,6,-31
deal_942,account_49,user_177,pipeline_7,stage_2,lost,2026-08-12,2026-11-26,"2026-08-25 09:14:00.000",11064.14,EUR,NL,integration,106,-131
deal_943,account_97,user_62,pipeline_5,stage_6,won,2026-08-12,2026-09-03,"2026-08-31 11:16:00.000",12555.4,DKK,NO,crm_backend,22,-47
deal_944,account_97,user_115,pipeline_1,stage_2,open,2026-08-12,NULL,"2026-09-05 09:10:00.000",59163.13,EUR,SE,manual_import,NULL,NULL
deal_945,account_110,user_14,pipeline_1,stage_1,open,2026-08-12,NULL,"2026-08-17 14:07:00.000",35310.54,EUR,UK,manual_import,NULL,NULL
deal_946,account_57,user_329,pipeline_7,stage_2,open,2026-08-12,NULL,"2026-08-29 10:44:00.000",13748.62,EUR,DE,crm_backend,NULL,NULL
deal_947,account_53,user_344,pipeline_3,stage_3,open,2026-08-12,NULL,"2026-09-12 18:25:00.000",14073.95,GBP,NO,integration,NULL,NULL
deal_948,account_9,user_100,pipeline_4,stage_1,open,2026-08-13,NULL,"2026-09-02 17:33:00.000",27347.96,EUR,NO,integration,NULL,NULL
deal_949,account_22,user_348,pipeline_2,stage_1,open,2026-08-13,NULL,"2026-09-09 13:23:00.000",12902.01,EUR,DK,integration,NULL,NULL
deal_950,account_10,user_342,pipeline_5,stage_1,open,2026-08-13,NULL,"2026-09-19 18:44:00.000",NULL,NOK,DE,integration,NULL,NULL
deal_951,account_58,user_105,pipeline_5,stage_2,open,2026-08-13,NULL,"2026-09-11 18:15:00.000",125713.72,EUR,FR,manual_import,NULL,NULL
deal_952,account_25,user_134,pipeline_7,stage_2,open,2026-08-14,NULL,"2026-09-26 18:23:00.000",5806.37,EUR,NO,manual_import,NULL,NULL
deal_953,account_41,user_210,pipeline_1,stage_4,open,2026-08-14,NULL,"2026-08-15 22:10:00.000",12427.29,DKK,NO,integration,NULL,NULL
deal_954,account_111,user_255,pipeline_4,stage_4,open,2026-08-14,NULL,"2026-08-14 21:07:00.000",12174.43,EUR,SE,manual_import,NULL,NULL
deal_955,account_12,user_202,pipeline_6,stage_6,won,2026-08-14,2026-10-13,"2026-09-27 08:15:00.000",6178.9,EUR,FR,crm_backend,60,-87
deal_956,account_42,user_291,pipeline_7,stage_6,won,2026-08-14,2026-10-28,"2026-09-18 15:47:00.000",5822.63,NOK,FR,crm_backend,74,-102
deal_957,account_118,user_20,pipeline_6,stage_4,lost,2026-08-14,2026-12-02,"2026-10-09 08:34:00.000",14700.11,EUR,DK,manual_import,110,-138
deal_958,account_44,user_377,pipeline_2,stage_2,open,2026-08-14,NULL,"2026-09-12 10:02:00.000",11343.36,SEK,DE,integration,NULL,NULL
deal_959,account_24,user_14,pipeline_8,stage_1,open,2026-08-15,NULL,"2026-09-24 20:33:00.000",8938.78,DKK,DE,manual_import,NULL,NULL
deal_960,account_108,user_67,pipeline_6,stage_2,open,2026-08-15,NULL,"2026-09-26 01:52:00.000",6819.05,DKK,SE,integration,NULL,NULL
deal_961,account_4,user_340,pipeline_6,stage_3,open,2026-08-15,NULL,"2026-09-20 15:18:00.000",7405.35,EUR,DK,integration,NULL,NULL
deal_962,account_51,user_236,pipeline_7,stage_4,open,2026-08-15,NULL,"2026-08-26 15:32:00.000",30037.55,EUR,FR,crm_backend,NULL,NULL
deal_963,account_116,user_294,pipeline_2,stage_1,open,2026-08-15,NULL,"2026-09-04 16:59:00.000",9396.48,SEK,DK,integration,NULL,NULL
deal_964,account_52,user_302,pipeline_4,stage_3,open,2026-08-15,NULL,"2026-08-21 15:35:00.000",13325.4,EUR,NO,manual_import,NULL,NULL
deal_965,account_50,user_287,pipeline_6,stage_4,open,2026-08-15,NULL,"2026-09-02 12:43:00.000",17471.59,EUR,NL,crm_backend,NULL,NULL
deal_966,account_77,user_248,pipeline_3,stage_4,open,2026-08-16,NULL,"2026-08-31 13:23:00.000",30183.62,EUR,NO,integration,NULL,NULL
deal_967,account_28,user_374,pipeline_3,stage_1,open,2026-08-16,NULL,"2026-09-18 15:53:00.000",NULL,GBP,DK,crm_backend,NULL,NULL
deal_968,account_14,user_146,pipeline_2,stage_6,won,2026-08-16,2026-10-07,"2026-08-24 08:36:00.000",11352.95,DKK,FR,crm_backend,52,-82
deal_969,account_47,user_67,pipeline_4,stage_5,open,2026-08-16,NULL,"2026-08-26 19:06:00.000",14222.09,EUR,DK,manual_import,NULL,NULL
deal_970,account_58,user_276,pipeline_8,stage_1,open,2026-08-16,NULL,"2026-09-06 21:28:00.000",7047.42,EUR,NL,integration,NULL,NULL
deal_971,account_101,user_365,pipeline_5,stage_2,open,2026-08-17,NULL,"2026-08-24 12:26:00.000",12749.01,SEK,NO,crm_backend,NULL,NULL
deal_972,account_82,user_118,pipeline_4,stage_2,lost,2026-08-17,2026-12-11,"2026-11-28 09:14:00.000",6911.74,EUR,DE,crm_backend,116,-146
deal_973,account_55,user_285,pipeline_3,stage_1,open,2026-08-17,NULL,"2026-09-25 16:14:00.000",7629.91,GBP,UK,crm_backend,NULL,NULL
deal_974,account_101,user_226,pipeline_5,stage_1,open,2026-08-17,NULL,"2026-09-18 17:54:00.000",14030.89,EUR,FR,crm_backend,NULL,NULL
deal_975,account_95,user_69,pipeline_4,stage_3,open,2026-08-18,NULL,"2026-09-28 09:11:00.000",10522.94,SEK,NL,crm_backend,NULL,NULL
deal_976,account_27,user_368,pipeline_8,stage_1,open,2026-08-18,NULL,"2026-09-20 15:22:00.000",21432.94,EUR,DK,manual_import,NULL,NULL
deal_977,account_20,user_293,pipeline_1,stage_1,open,2026-08-19,NULL,"2026-09-30 21:17:00.000",7588.95,EUR,FR,crm_backend,NULL,NULL
deal_978,account_83,user_241,pipeline_3,stage_1,open,2026-08-19,NULL,"2026-10-03 12:46:00.000",14109.54,GBP,DK,crm_backend,NULL,NULL
deal_979,account_73,user_315,pipeline_4,stage_6,lost,2026-08-19,2026-12-02,"2026-11-12 15:01:00.000",29910.34,EUR,SE,integration,105,-138
deal_980,account_32,user_296,pipeline_4,stage_2,open,2026-08-19,NULL,"2026-09-19 21:21:00.000",11845.38,EUR,NO,manual_import,NULL,NULL
deal_981,account_74,user_397,pipeline_8,stage_2,open,2026-08-19,NULL,"2026-09-25 17:28:00.000",3032.26,EUR,UK,manual_import,NULL,NULL
deal_982,account_93,user_58,pipeline_4,stage_6,won,2026-08-20,2026-09-10,"2026-09-07 16:22:00.000",14349.65,EUR,UK,crm_backend,20,-54
deal_983,account_94,user_372,pipeline_1,stage_1,open,2026-08-20,NULL,"2026-09-25 01:41:00.000",10278.96,EUR,NL,integration,NULL,NULL
deal_984,account_95,user_370,pipeline_6,stage_1,open,2026-08-20,NULL,"2026-08-23 17:27:00.000",5423.94,DKK,FR,manual_import,NULL,NULL
deal_985,account_15,user_236,pipeline_2,stage_6,won,2026-08-20,2026-09-18,"2026-09-18 13:55:00.000",48754.14,EUR,UK,manual_import,29,-63
deal_986,account_12,user_156,pipeline_4,stage_5,open,2026-08-20,NULL,"2026-08-23 19:30:00.000",13939.85,DKK,DE,crm_backend,NULL,NULL
deal_987,account_7,user_325,pipeline_3,stage_1,open,2026-08-21,NULL,"2026-10-04 18:26:00.000",7921.34,NOK,UK,crm_backend,NULL,NULL
deal_988,account_14,user_67,pipeline_3,stage_3,open,2026-08-21,NULL,"2026-09-11 17:43:00.000",12119.42,NOK,NO,integration,NULL,NULL
deal_989,account_44,user_107,pipeline_1,stage_5,open,2026-08-21,NULL,"2026-09-23 12:49:00.000",4795.58,EUR,NL,manual_import,NULL,NULL
deal_990,account_119,user_173,pipeline_1,stage_6,open,2026-08-21,NULL,"2026-09-09 00:14:00.000",4545.69,EUR,DK,manual_import,NULL,NULL
deal_991,account_104,user_380,pipeline_1,stage_6,won,2026-08-21,2026-10-07,"2026-10-05 11:39:00.000",10001.51,EUR,DE,crm_backend,47,-81
deal_992,account_71,user_168,pipeline_6,stage_5,open,2026-08-22,NULL,"2026-08-23 19:01:00.000",NULL,GBP,NO,integration,NULL,NULL
deal_993,account_62,user_119,pipeline_8,stage_3,open,2026-08-22,NULL,"2026-08-27 20:05:00.000",8114.39,SEK,NL,manual_import,NULL,NULL
deal_994,account_41,user_134,pipeline_3,stage_3,open,2026-08-22,NULL,"2026-09-06 09:07:00.000",4496.34,EUR,FR,manual_import,NULL,NULL
deal_995,account_101,user_158,pipeline_2,stage_3,open,2026-08-22,NULL,"2026-09-14 19:10:00.000",17137.79,SEK,DK,integration,NULL,NULL
deal_996,account_8,user_394,pipeline_2,stage_1,open,2026-08-23,NULL,"2026-09-19 02:13:00.000",5758.21,EUR,DE,manual_import,NULL,NULL
deal_997,account_13,user_373,pipeline_6,stage_3,open,2026-08-23,NULL,"2026-08-29 21:28:00.000",NULL,EUR,SE,crm_backend,NULL,NULL
